assocID,Disease,Disease_CUI,Gene_Symbol,Entrez_Gene_ID,Ensembl_Gene_ID,Gene_Description,Gene_Type,Raw_GDA_Score,Normalized_Score,N_PMIDs,First_Ref_Year,Last_Ref_Year,EI,DSI,DPI,Evidence_Origin,Has_Human_TextMining,Has_Model_TextMining,Broad_Ischemic_Stroke_Present,Broad_Raw_GDA_Score,Broad_N_PMIDs,Evidence_Tier,Protein_Coding_for_STRING,Human_Literature_Extended_Eligible,Conservative_EI_Eligible,Recommended_Use,Association_Role,Caution,Score_Breakdown
3479_C5392833,Acute Ischemic Stroke,C5392833,IGF1,3479,ENSG00000017427,insulin like growth factor 1,protein-coding,0.25,0.1612903225806451,6,2014,2022,1,0.31,0.92,Human_and_model_text_mining,TRUE,TRUE,TRUE,0.45,33,Extended_PC_0.20_to_lt_0.30,TRUE,TRUE,TRUE,Conservative_sensitivity_only,,Below the primary raw-score threshold; do not merge into the strict set without labeling.,"Total: 0.25 | Curated: sources=None; count=0; weight=0 | Clinical: sources=None; count=0; weight=0 | Inferred: sources=None; count=0; weight=0 | Models: sources=TEXTMINING_MODELS; count=1; weight=0.05 | Biobank: none | Literature: sources=TEXTMINING_HUMAN,TEXTMINING_MODELS; publications=6; weight=0.2"
23411_C5392833,Acute Ischemic Stroke,C5392833,SIRT1,23411,ENSG00000096717,sirtuin 1,protein-coding,0.25,0.1612903225806451,5,2018,2024,0.8,0.38,0.88,Human_and_model_text_mining,TRUE,TRUE,TRUE,0.35,10,Extended_PC_0.20_to_lt_0.30,TRUE,TRUE,TRUE,Conservative_sensitivity_only,,Below the primary raw-score threshold; do not merge into the strict set without labeling.,"Total: 0.25 | Curated: sources=None; count=0; weight=0 | Clinical: sources=None; count=0; weight=0 | Inferred: sources=None; count=0; weight=0 | Models: sources=TEXTMINING_MODELS; count=1; weight=0.05 | Biobank: none | Literature: sources=TEXTMINING_HUMAN,TEXTMINING_MODELS; publications=5; weight=0.2"
1471_C5392833,Acute Ischemic Stroke,C5392833,CST3,1471,ENSG00000101439,cystatin C,protein-coding,0.25,0.1612903225806451,4,2015,2019,1,0.43,0.88,Human_and_model_text_mining,TRUE,TRUE,TRUE,0.3,4,Extended_PC_0.20_to_lt_0.30,TRUE,TRUE,TRUE,Conservative_sensitivity_only,,Below the primary raw-score threshold; do not merge into the strict set without labeling.,"Total: 0.25 | Curated: sources=None; count=0; weight=0 | Clinical: sources=None; count=0; weight=0 | Inferred: sources=None; count=0; weight=0 | Models: sources=TEXTMINING_MODELS; count=1; weight=0.05 | Biobank: none | Literature: sources=TEXTMINING_HUMAN,TEXTMINING_MODELS; publications=4; weight=0.2"
4137_C5392833,Acute Ischemic Stroke,C5392833,MAPT,4137,ENSG00000186868,microtubule associated protein tau,protein-coding,0.25,0.1612903225806451,4,2006,2020,1,0.38,0.92,Human_and_model_text_mining,TRUE,TRUE,TRUE,0.45,10,Extended_PC_0.20_to_lt_0.30,TRUE,TRUE,TRUE,Conservative_sensitivity_only,,Below the primary raw-score threshold; do not merge into the strict set without labeling.,"Total: 0.25 | Curated: sources=None; count=0; weight=0 | Clinical: sources=None; count=0; weight=0 | Inferred: sources=None; count=0; weight=0 | Models: sources=TEXTMINING_MODELS; count=1; weight=0.05 | Biobank: none | Literature: sources=TEXTMINING_HUMAN,TEXTMINING_MODELS; publications=4; weight=0.2"
406947_C5392833,Acute Ischemic Stroke,C5392833,MIR155,406947,ENSG00000283904,microRNA 155,ncRNA,0.25,0.1612903225806451,4,2021,2026,1,0.4,0.88,Human_and_model_text_mining,TRUE,TRUE,TRUE,0.2,5,Extended_nonprotein_audit,FALSE,FALSE,FALSE,Noncoding_audit_only,,Non-protein-coding record; exclude from routine STRING protein PPI.,"Total: 0.25 | Curated: sources=None; count=0; weight=0 | Clinical: sources=None; count=0; weight=0 | Inferred: sources=None; count=0; weight=0 | Models: sources=TEXTMINING_MODELS; count=1; weight=0.05 | Biobank: none | Literature: sources=TEXTMINING_HUMAN,TEXTMINING_MODELS; publications=4; weight=0.2"
4313_C5392833,Acute Ischemic Stroke,C5392833,MMP2,4313,ENSG00000087245,matrix metallopeptidase 2,protein-coding,0.25,0.1612903225806451,4,2014,2025,0.75,0.34,0.88,Human_and_model_text_mining,TRUE,TRUE,TRUE,0.45,11,Extended_PC_0.20_to_lt_0.30,TRUE,TRUE,FALSE,Human_literature_sensitivity_only,,Below the primary raw-score threshold; do not merge into the strict set without labeling.,"Total: 0.25 | Curated: sources=None; count=0; weight=0 | Clinical: sources=None; count=0; weight=0 | Inferred: sources=None; count=0; weight=0 | Models: sources=TEXTMINING_MODELS; count=1; weight=0.05 | Biobank: none | Literature: sources=TEXTMINING_HUMAN,TEXTMINING_MODELS; publications=4; weight=0.2"
100506658_C5392833,Acute Ischemic Stroke,C5392833,OCLN,100506658,ENSG00000197822,occludin,protein-coding,0.25,0.1612903225806451,4,2018,2025,1,0.48,0.92,Human_and_model_text_mining,TRUE,TRUE,TRUE,0.35,6,Extended_PC_0.20_to_lt_0.30,TRUE,TRUE,TRUE,Conservative_sensitivity_only,,Below the primary raw-score threshold; do not merge into the strict set without labeling.,"Total: 0.25 | Curated: sources=None; count=0; weight=0 | Clinical: sources=None; count=0; weight=0 | Inferred: sources=None; count=0; weight=0 | Models: sources=TEXTMINING_MODELS; count=1; weight=0.05 | Biobank: none | Literature: sources=TEXTMINING_HUMAN,TEXTMINING_MODELS; publications=4; weight=0.2"
7099_C5392833,Acute Ischemic Stroke,C5392833,TLR4,7099,ENSG00000136869,toll like receptor 4,protein-coding,0.25,0.1612903225806451,4,2014,2026,1,0.33,0.92,Human_and_model_text_mining,TRUE,TRUE,TRUE,0.45,35,Extended_PC_0.20_to_lt_0.30,TRUE,TRUE,TRUE,Conservative_sensitivity_only,,Below the primary raw-score threshold; do not merge into the strict set without labeling.,"Total: 0.25 | Curated: sources=None; count=0; weight=0 | Clinical: sources=None; count=0; weight=0 | Inferred: sources=None; count=0; weight=0 | Models: sources=TEXTMINING_MODELS; count=1; weight=0.05 | Biobank: none | Literature: sources=TEXTMINING_HUMAN,TEXTMINING_MODELS; publications=4; weight=0.2"
51129_C5392833,Acute Ischemic Stroke,C5392833,ANGPTL4,51129,ENSG00000167772,angiopoietin like 4,protein-coding,0.25,0.1612903225806451,3,2021,2025,1,0.47,0.83,Human_and_model_text_mining,TRUE,TRUE,TRUE,0.3,3,Extended_PC_0.20_to_lt_0.30,TRUE,TRUE,TRUE,Conservative_sensitivity_only,,Below the primary raw-score threshold; do not merge into the strict set without labeling.,"Total: 0.25 | Curated: sources=None; count=0; weight=0 | Clinical: sources=None; count=0; weight=0 | Inferred: sources=None; count=0; weight=0 | Models: sources=TEXTMINING_MODELS; count=1; weight=0.05 | Biobank: none | Literature: sources=TEXTMINING_HUMAN,TEXTMINING_MODELS; publications=3; weight=0.2"
361_C5392833,Acute Ischemic Stroke,C5392833,AQP4,361,ENSG00000171885,aquaporin 4,protein-coding,0.25,0.1612903225806451,3,2020,2024,1,0.43,0.88,Human_and_model_text_mining,TRUE,TRUE,TRUE,0.35,16,Extended_PC_0.20_to_lt_0.30,TRUE,TRUE,TRUE,Conservative_sensitivity_only,,Below the primary raw-score threshold; do not merge into the strict set without labeling.,"Total: 0.25 | Curated: sources=None; count=0; weight=0 | Clinical: sources=None; count=0; weight=0 | Inferred: sources=None; count=0; weight=0 | Models: sources=TEXTMINING_MODELS; count=1; weight=0.05 | Biobank: none | Literature: sources=TEXTMINING_HUMAN,TEXTMINING_MODELS; publications=3; weight=0.2"
1742_C5392833,Acute Ischemic Stroke,C5392833,DLG4,1742,ENSG00000132535,discs large MAGUK scaffold protein 4,protein-coding,0.25,0.1612903225806451,3,2020,2023,1,0.54,0.83,Human_and_model_text_mining,TRUE,TRUE,TRUE,0.2,2,Extended_PC_0.20_to_lt_0.30,TRUE,TRUE,TRUE,Conservative_sensitivity_only,,Below the primary raw-score threshold; do not merge into the strict set without labeling.,"Total: 0.25 | Curated: sources=None; count=0; weight=0 | Clinical: sources=None; count=0; weight=0 | Inferred: sources=None; count=0; weight=0 | Models: sources=TEXTMINING_MODELS; count=1; weight=0.05 | Biobank: none | Literature: sources=TEXTMINING_HUMAN,TEXTMINING_MODELS; publications=3; weight=0.2"
22839_C5392833,Acute Ischemic Stroke,C5392833,DLGAP4,22839,ENSG00000080845,DLG associated protein 4,protein-coding,0.25,0.1612903225806451,3,2019,2023,1,0.65,0.58,Human_and_model_text_mining,TRUE,TRUE,TRUE,0.25,2,Extended_PC_0.20_to_lt_0.30,TRUE,TRUE,TRUE,Conservative_sensitivity_only,,Below the primary raw-score threshold; do not merge into the strict set without labeling.,"Total: 0.25 | Curated: sources=None; count=0; weight=0 | Clinical: sources=None; count=0; weight=0 | Inferred: sources=None; count=0; weight=0 | Models: sources=TEXTMINING_MODELS; count=1; weight=0.05 | Biobank: none | Literature: sources=TEXTMINING_HUMAN,TEXTMINING_MODELS; publications=3; weight=0.2"
494336_C5392833,Acute Ischemic Stroke,C5392833,MIR424,494336,ENSG00000284231,microRNA 424,ncRNA,0.25,0.1612903225806451,3,2013,2024,1,0.54,0.75,Human_and_model_text_mining,TRUE,TRUE,TRUE,0.2,2,Extended_nonprotein_audit,FALSE,FALSE,FALSE,Noncoding_audit_only,,Non-protein-coding record; exclude from routine STRING protein PPI.,"Total: 0.25 | Curated: sources=None; count=0; weight=0 | Clinical: sources=None; count=0; weight=0 | Inferred: sources=None; count=0; weight=0 | Models: sources=TEXTMINING_MODELS; count=1; weight=0.05 | Biobank: none | Literature: sources=TEXTMINING_HUMAN,TEXTMINING_MODELS; publications=3; weight=0.2"
8737_C5392833,Acute Ischemic Stroke,C5392833,RIPK1,8737,ENSG00000137275,receptor interacting serine/threonine kinase 1,protein-coding,0.25,0.1612903225806451,3,2020,2024,1,0.47,0.79,Human_and_model_text_mining,TRUE,TRUE,TRUE,0.25,5,Extended_PC_0.20_to_lt_0.30,TRUE,TRUE,TRUE,Conservative_sensitivity_only,,Below the primary raw-score threshold; do not merge into the strict set without labeling.,"Total: 0.25 | Curated: sources=None; count=0; weight=0 | Clinical: sources=None; count=0; weight=0 | Inferred: sources=None; count=0; weight=0 | Models: sources=TEXTMINING_MODELS; count=1; weight=0.05 | Biobank: none | Literature: sources=TEXTMINING_HUMAN,TEXTMINING_MODELS; publications=3; weight=0.2"
11035_C5392833,Acute Ischemic Stroke,C5392833,RIPK3,11035,ENSG00000129465,receptor interacting serine/threonine kinase 3,protein-coding,0.25,0.1612903225806451,3,2020,2024,1,0.49,0.83,Human_and_model_text_mining,TRUE,TRUE,TRUE,0.25,5,Extended_PC_0.20_to_lt_0.30,TRUE,TRUE,TRUE,Conservative_sensitivity_only,,Below the primary raw-score threshold; do not merge into the strict set without labeling.,"Total: 0.25 | Curated: sources=None; count=0; weight=0 | Clinical: sources=None; count=0; weight=0 | Inferred: sources=None; count=0; weight=0 | Models: sources=TEXTMINING_MODELS; count=1; weight=0.05 | Biobank: none | Literature: sources=TEXTMINING_HUMAN,TEXTMINING_MODELS; publications=3; weight=0.2"
59272_C5392833,Acute Ischemic Stroke,C5392833,ACE2,59272,ENSG00000130234,angiotensin converting enzyme 2,protein-coding,0.25,0.1612903225806451,2,2013,2016,1,0.41,0.88,Human_and_model_text_mining,TRUE,TRUE,TRUE,0.35,8,Extended_PC_0.20_to_lt_0.30,TRUE,TRUE,TRUE,Conservative_sensitivity_only,,Below the primary raw-score threshold; do not merge into the strict set without labeling.,"Total: 0.25 | Curated: sources=None; count=0; weight=0 | Clinical: sources=None; count=0; weight=0 | Inferred: sources=None; count=0; weight=0 | Models: sources=TEXTMINING_MODELS; count=1; weight=0.05 | Biobank: none | Literature: sources=TEXTMINING_HUMAN,TEXTMINING_MODELS; publications=2; weight=0.2"
140_C5392833,Acute Ischemic Stroke,C5392833,ADORA3,140,ENSG00000282608,adenosine A3 receptor,protein-coding,0.25,0.1612903225806451,2,2017,2022,1,0.56,0.79,Human_and_model_text_mining,TRUE,TRUE,FALSE,,,Extended_PC_0.20_to_lt_0.30,TRUE,TRUE,TRUE,Conservative_sensitivity_only,,Below the primary raw-score threshold; do not merge into the strict set without labeling.,"Total: 0.25 | Curated: sources=None; count=0; weight=0 | Clinical: sources=None; count=0; weight=0 | Inferred: sources=None; count=0; weight=0 | Models: sources=TEXTMINING_MODELS; count=1; weight=0.05 | Biobank: none | Literature: sources=TEXTMINING_HUMAN,TEXTMINING_MODELS; publications=2; weight=0.2"
60674_C5392833,Acute Ischemic Stroke,C5392833,GAS5,60674,ENSG00000234741,growth arrest specific 5,ncRNA,0.25,0.1612903225806451,2,2022,2025,1,0.48,0.88,Human_and_model_text_mining,TRUE,TRUE,TRUE,0.35,10,Extended_nonprotein_audit,FALSE,FALSE,FALSE,Noncoding_audit_only,,Non-protein-coding record; exclude from routine STRING protein PPI.,"Total: 0.25 | Curated: sources=None; count=0; weight=0 | Clinical: sources=None; count=0; weight=0 | Inferred: sources=None; count=0; weight=0 | Models: sources=TEXTMINING_MODELS; count=1; weight=0.05 | Biobank: none | Literature: sources=TEXTMINING_HUMAN,TEXTMINING_MODELS; publications=2; weight=0.2"
6936_C5392833,Acute Ischemic Stroke,C5392833,GCFC2,6936,ENSG00000005436,GC-rich sequence DNA-binding factor 2,protein-coding,0.25,0.1612903225806451,2,2012,2022,1,0.73,0.63,Human_and_model_text_mining,TRUE,TRUE,FALSE,,,Extended_PC_0.20_to_lt_0.30,TRUE,TRUE,TRUE,Conservative_sensitivity_only,,Below the primary raw-score threshold; do not merge into the strict set without labeling.,"Total: 0.25 | Curated: sources=None; count=0; weight=0 | Clinical: sources=None; count=0; weight=0 | Inferred: sources=None; count=0; weight=0 | Models: sources=TEXTMINING_MODELS; count=1; weight=0.05 | Biobank: none | Literature: sources=TEXTMINING_HUMAN,TEXTMINING_MODELS; publications=2; weight=0.2"
51206_C5392833,Acute Ischemic Stroke,C5392833,GP6,51206,ENSG00000088053,glycoprotein VI platelet,protein-coding,0.25,0.1612903225806451,2,2011,2021,1,0.57,0.79,Human_and_model_text_mining,TRUE,TRUE,TRUE,0.25,9,Extended_PC_0.20_to_lt_0.30,TRUE,TRUE,TRUE,Conservative_sensitivity_only,,Below the primary raw-score threshold; do not merge into the strict set without labeling.,"Total: 0.25 | Curated: sources=None; count=0; weight=0 | Clinical: sources=None; count=0; weight=0 | Inferred: sources=None; count=0; weight=0 | Models: sources=TEXTMINING_MODELS; count=1; weight=0.05 | Biobank: none | Literature: sources=TEXTMINING_HUMAN,TEXTMINING_MODELS; publications=2; weight=0.2"
3026_C5392833,Acute Ischemic Stroke,C5392833,HABP2,3026,ENSG00000148702,hyaluronan binding protein 2,protein-coding,0.25,0.1612903225806451,2,2016,2022,1,0.58,0.71,Human_and_model_text_mining,TRUE,TRUE,TRUE,0.25,7,Extended_PC_0.20_to_lt_0.30,TRUE,TRUE,TRUE,Conservative_sensitivity_only,,Below the primary raw-score threshold; do not merge into the strict set without labeling.,"Total: 0.25 | Curated: sources=None; count=0; weight=0 | Clinical: sources=None; count=0; weight=0 | Inferred: sources=None; count=0; weight=0 | Models: sources=TEXTMINING_MODELS; count=1; weight=0.05 | Biobank: none | Literature: sources=TEXTMINING_HUMAN,TEXTMINING_MODELS; publications=2; weight=0.2"
3066_C5392833,Acute Ischemic Stroke,C5392833,HDAC2,3066,ENSG00000196591,histone deacetylase 2,protein-coding,0.25,0.1612903225806451,2,2020,2025,1,0.46,0.92,Human_and_model_text_mining,TRUE,TRUE,TRUE,0.25,4,Extended_PC_0.20_to_lt_0.30,TRUE,TRUE,TRUE,Conservative_sensitivity_only,,Below the primary raw-score threshold; do not merge into the strict set without labeling.,"Total: 0.25 | Curated: sources=None; count=0; weight=0 | Clinical: sources=None; count=0; weight=0 | Inferred: sources=None; count=0; weight=0 | Models: sources=TEXTMINING_MODELS; count=1; weight=0.05 | Biobank: none | Literature: sources=TEXTMINING_HUMAN,TEXTMINING_MODELS; publications=2; weight=0.2"
25831_C5392833,Acute Ischemic Stroke,C5392833,HECTD1,25831,ENSG00000092148,HECT domain E3 ubiquitin protein ligase 1,protein-coding,0.25,0.1612903225806451,2,2019,2023,1,0.66,0.63,Human_and_model_text_mining,TRUE,TRUE,TRUE,0.15,1,Extended_PC_0.20_to_lt_0.30,TRUE,TRUE,TRUE,Conservative_sensitivity_only,,Below the primary raw-score threshold; do not merge into the strict set without labeling.,"Total: 0.25 | Curated: sources=None; count=0; weight=0 | Clinical: sources=None; count=0; weight=0 | Inferred: sources=None; count=0; weight=0 | Models: sources=TEXTMINING_MODELS; count=1; weight=0.05 | Biobank: none | Literature: sources=TEXTMINING_HUMAN,TEXTMINING_MODELS; publications=2; weight=0.2"
4035_C5392833,Acute Ischemic Stroke,C5392833,LRP1,4035,ENSG00000123384,LDL receptor related protein 1,protein-coding,0.25,0.1612903225806451,2,2025,2026,1,0.45,0.88,Human_and_model_text_mining,TRUE,TRUE,TRUE,0.25,4,Extended_PC_0.20_to_lt_0.30,TRUE,TRUE,TRUE,Conservative_sensitivity_only,,Below the primary raw-score threshold; do not merge into the strict set without labeling.,"Total: 0.25 | Curated: sources=None; count=0; weight=0 | Clinical: sources=None; count=0; weight=0 | Inferred: sources=None; count=0; weight=0 | Models: sources=TEXTMINING_MODELS; count=1; weight=0.05 | Biobank: none | Literature: sources=TEXTMINING_HUMAN,TEXTMINING_MODELS; publications=2; weight=0.2"
378938_C5392833,Acute Ischemic Stroke,C5392833,MALAT1,378938,ENSG00000251562,metastasis associated lung adenocarcinoma transcript 1,ncRNA,0.25,0.1612903225806451,2,2020,2025,1,0.43,0.88,Human_and_model_text_mining,TRUE,TRUE,TRUE,0.35,13,Extended_nonprotein_audit,FALSE,FALSE,FALSE,Noncoding_audit_only,,Non-protein-coding record; exclude from routine STRING protein PPI.,"Total: 0.25 | Curated: sources=None; count=0; weight=0 | Clinical: sources=None; count=0; weight=0 | Inferred: sources=None; count=0; weight=0 | Models: sources=TEXTMINING_MODELS; count=1; weight=0.05 | Biobank: none | Literature: sources=TEXTMINING_HUMAN,TEXTMINING_MODELS; publications=2; weight=0.2"
406906_C5392833,Acute Ischemic Stroke,C5392833,MIR122,406906,ENSG00000284440,microRNA 122,ncRNA,0.25,0.1612903225806451,2,2014,2021,1,0.48,0.83,Human_and_model_text_mining,TRUE,TRUE,TRUE,0.25,6,Extended_nonprotein_audit,FALSE,FALSE,FALSE,Noncoding_audit_only,,Non-protein-coding record; exclude from routine STRING protein PPI.,"Total: 0.25 | Curated: sources=None; count=0; weight=0 | Clinical: sources=None; count=0; weight=0 | Inferred: sources=None; count=0; weight=0 | Models: sources=TEXTMINING_MODELS; count=1; weight=0.05 | Biobank: none | Literature: sources=TEXTMINING_HUMAN,TEXTMINING_MODELS; publications=2; weight=0.2"
574452_C5392833,Acute Ischemic Stroke,C5392833,MIR494,574452,ENSG00000194717,microRNA 494,ncRNA,0.25,0.1612903225806451,2,2020,2025,1,0.53,0.83,Human_and_model_text_mining,TRUE,TRUE,TRUE,0.35,3,Extended_nonprotein_audit,FALSE,FALSE,FALSE,Noncoding_audit_only,,Non-protein-coding record; exclude from routine STRING protein PPI.,"Total: 0.25 | Curated: sources=None; count=0; weight=0 | Clinical: sources=None; count=0; weight=0 | Inferred: sources=None; count=0; weight=0 | Models: sources=TEXTMINING_MODELS; count=1; weight=0.05 | Biobank: none | Literature: sources=TEXTMINING_HUMAN,TEXTMINING_MODELS; publications=2; weight=0.2"
4780_C5392833,Acute Ischemic Stroke,C5392833,NFE2L2,4780,ENSG00000116044,NFE2 like bZIP transcription factor 2,protein-coding,0.25,0.1612903225806451,2,2025,2025,1,0.36,0.92,Human_and_model_text_mining,TRUE,TRUE,TRUE,0.35,23,Extended_PC_0.20_to_lt_0.30,TRUE,TRUE,TRUE,Conservative_sensitivity_only,,Below the primary raw-score threshold; do not merge into the strict set without labeling.,"Total: 0.25 | Curated: sources=None; count=0; weight=0 | Clinical: sources=None; count=0; weight=0 | Inferred: sources=None; count=0; weight=0 | Models: sources=TEXTMINING_MODELS; count=1; weight=0.05 | Biobank: none | Literature: sources=TEXTMINING_HUMAN,TEXTMINING_MODELS; publications=2; weight=0.2"
5052_C5392833,Acute Ischemic Stroke,C5392833,PRDX1,5052,ENSG00000117450,peroxiredoxin 1,protein-coding,0.25,0.1612903225806451,2,2021,2022,1,0.47,0.88,Model_text_mining_only,FALSE,TRUE,TRUE,0.25,6,Extended_PC_0.20_to_lt_0.30,TRUE,FALSE,FALSE,Unrefined_sensitivity_only,,Below the primary raw-score threshold; do not merge into the strict set without labeling.,Total: 0.25 | Curated: sources=None; count=0; weight=0 | Clinical: sources=None; count=0; weight=0 | Inferred: sources=None; count=0; weight=0 | Models: sources=TEXTMINING_MODELS; count=1; weight=0.05 | Biobank: none | Literature: sources=TEXTMINING_MODELS; publications=2; weight=0.2
5820_C5392833,Acute Ischemic Stroke,C5392833,PVT1,5820,ENSG00000249859,Pvt1 oncogene,ncRNA,0.25,0.1612903225806451,2,2020,2022,1,0.47,0.83,Human_and_model_text_mining,TRUE,TRUE,TRUE,0.2,2,Extended_nonprotein_audit,FALSE,FALSE,FALSE,Noncoding_audit_only,,Non-protein-coding record; exclude from routine STRING protein PPI.,"Total: 0.25 | Curated: sources=None; count=0; weight=0 | Clinical: sources=None; count=0; weight=0 | Inferred: sources=None; count=0; weight=0 | Models: sources=TEXTMINING_MODELS; count=1; weight=0.05 | Biobank: none | Literature: sources=TEXTMINING_HUMAN,TEXTMINING_MODELS; publications=2; weight=0.2"
6280_C5392833,Acute Ischemic Stroke,C5392833,S100A9,6280,ENSG00000163220,S100 calcium binding protein A9,protein-coding,0.25,0.1612903225806451,2,2021,2022,1,0.41,0.92,Human_and_model_text_mining,TRUE,TRUE,TRUE,0.25,3,Extended_PC_0.20_to_lt_0.30,TRUE,TRUE,TRUE,Conservative_sensitivity_only,,Below the primary raw-score threshold; do not merge into the strict set without labeling.,"Total: 0.25 | Curated: sources=None; count=0; weight=0 | Clinical: sources=None; count=0; weight=0 | Inferred: sources=None; count=0; weight=0 | Models: sources=TEXTMINING_MODELS; count=1; weight=0.05 | Biobank: none | Literature: sources=TEXTMINING_HUMAN,TEXTMINING_MODELS; publications=2; weight=0.2"
6288_C5392833,Acute Ischemic Stroke,C5392833,SAA1,6288,ENSG00000173432,serum amyloid A1,protein-coding,0.25,0.1612903225806451,2,2017,2022,1,0.44,0.88,Human_and_model_text_mining,TRUE,TRUE,TRUE,0.2,2,Extended_PC_0.20_to_lt_0.30,TRUE,TRUE,TRUE,Conservative_sensitivity_only,,Below the primary raw-score threshold; do not merge into the strict set without labeling.,"Total: 0.25 | Curated: sources=None; count=0; weight=0 | Clinical: sources=None; count=0; weight=0 | Inferred: sources=None; count=0; weight=0 | Models: sources=TEXTMINING_MODELS; count=1; weight=0.05 | Biobank: none | Literature: sources=TEXTMINING_HUMAN,TEXTMINING_MODELS; publications=2; weight=0.2"
5054_C5392833,Acute Ischemic Stroke,C5392833,SERPINE1,5054,ENSG00000106366,serpin family E member 1,protein-coding,0.25,0.1612903225806451,2,2015,2019,1,0.36,0.92,Model_text_mining_only,FALSE,TRUE,TRUE,0.45,28,Extended_PC_0.20_to_lt_0.30,TRUE,FALSE,FALSE,Unrefined_sensitivity_only,,Below the primary raw-score threshold; do not merge into the strict set without labeling.,Total: 0.25 | Curated: sources=None; count=0; weight=0 | Clinical: sources=None; count=0; weight=0 | Inferred: sources=None; count=0; weight=0 | Models: sources=TEXTMINING_MODELS; count=1; weight=0.05 | Biobank: none | Literature: sources=TEXTMINING_MODELS; publications=2; weight=0.2
6696_C5392833,Acute Ischemic Stroke,C5392833,SPP1,6696,ENSG00000118785,secreted phosphoprotein 1,protein-coding,0.25,0.1612903225806451,2,2022,2025,1,0.35,0.88,Model_text_mining_only,FALSE,TRUE,TRUE,0.35,9,Extended_PC_0.20_to_lt_0.30,TRUE,FALSE,FALSE,Unrefined_sensitivity_only,,Below the primary raw-score threshold; do not merge into the strict set without labeling.,Total: 0.25 | Curated: sources=None; count=0; weight=0 | Clinical: sources=None; count=0; weight=0 | Inferred: sources=None; count=0; weight=0 | Models: sources=TEXTMINING_MODELS; count=1; weight=0.05 | Biobank: none | Literature: sources=TEXTMINING_MODELS; publications=2; weight=0.2
7412_C5392833,Acute Ischemic Stroke,C5392833,VCAM1,7412,ENSG00000162692,vascular cell adhesion molecule 1,protein-coding,0.25,0.1612903225806451,2,2016,2024,0.5,0.39,0.92,Human_and_model_text_mining,TRUE,TRUE,TRUE,0.4,11,Extended_PC_0.20_to_lt_0.30,TRUE,TRUE,FALSE,Human_literature_sensitivity_only,,Below the primary raw-score threshold; do not merge into the strict set without labeling.,"Total: 0.25 | Curated: sources=None; count=0; weight=0 | Clinical: sources=None; count=0; weight=0 | Inferred: sources=None; count=0; weight=0 | Models: sources=TEXTMINING_MODELS; count=1; weight=0.05 | Biobank: none | Literature: sources=TEXTMINING_HUMAN,TEXTMINING_MODELS; publications=2; weight=0.2"
551_C5392833,Acute Ischemic Stroke,C5392833,AVP,551,ENSG00000101200,arginine vasopressin,protein-coding,0.2,0.1290322580645161,9,2011,2024,1,0.41,0.92,Human_text_mining_only,TRUE,FALSE,TRUE,0.45,13,Extended_PC_0.20_to_lt_0.30,TRUE,TRUE,TRUE,Conservative_sensitivity_only,,Below the primary raw-score threshold; do not merge into the strict set without labeling.,Total: 0.2 | Curated: sources=None; count=0; weight=0 | Clinical: sources=None; count=0; weight=0 | Inferred: sources=None; count=0; weight=0 | Models: sources=None; count=0; weight=0 | Biobank: none | Literature: sources=TEXTMINING_HUMAN; publications=9; weight=0.2
2026_C5392833,Acute Ischemic Stroke,C5392833,ENO2,2026,ENSG00000111674,enolase 2,protein-coding,0.2,0.1290322580645161,8,1995,2025,0.75,0.4,0.88,Human_text_mining_only,TRUE,FALSE,TRUE,0.3,9,Extended_PC_0.20_to_lt_0.30,TRUE,TRUE,FALSE,Human_literature_sensitivity_only,,Below the primary raw-score threshold; do not merge into the strict set without labeling.,Total: 0.2 | Curated: sources=None; count=0; weight=0 | Clinical: sources=None; count=0; weight=0 | Inferred: sources=None; count=0; weight=0 | Models: sources=None; count=0; weight=0 | Biobank: none | Literature: sources=TEXTMINING_HUMAN; publications=8; weight=0.2
3553_C5392833,Acute Ischemic Stroke,C5392833,IL1B,3553,ENSG00000125538,interleukin 1 beta,protein-coding,0.2,0.1290322580645161,8,2017,2025,0.75,0.28,0.96,Human_text_mining_only,TRUE,FALSE,TRUE,0.45,40,Extended_PC_0.20_to_lt_0.30,TRUE,TRUE,FALSE,Human_literature_sensitivity_only,,Below the primary raw-score threshold; do not merge into the strict set without labeling.,Total: 0.2 | Curated: sources=None; count=0; weight=0 | Clinical: sources=None; count=0; weight=0 | Inferred: sources=None; count=0; weight=0 | Models: sources=None; count=0; weight=0 | Biobank: none | Literature: sources=TEXTMINING_HUMAN; publications=8; weight=0.2
4747_C5392833,Acute Ischemic Stroke,C5392833,NEFL,4747,ENSG00000277586,neurofilament light chain,protein-coding,0.2,0.1290322580645161,8,2021,2025,1,0.4,0.92,Human_text_mining_only,TRUE,FALSE,TRUE,0.3,6,Extended_PC_0.20_to_lt_0.30,TRUE,TRUE,TRUE,Conservative_sensitivity_only,,Below the primary raw-score threshold; do not merge into the strict set without labeling.,Total: 0.2 | Curated: sources=None; count=0; weight=0 | Clinical: sources=None; count=0; weight=0 | Inferred: sources=None; count=0; weight=0 | Models: sources=None; count=0; weight=0 | Biobank: none | Literature: sources=TEXTMINING_HUMAN; publications=8; weight=0.2
7139_C5392833,Acute Ischemic Stroke,C5392833,TNNT2,7139,ENSG00000118194,"troponin T2, cardiac type",protein-coding,0.2,0.1290322580645161,8,2008,2025,0.875,0.47,0.83,Human_text_mining_only,TRUE,FALSE,TRUE,0.2,5,Extended_PC_0.20_to_lt_0.30,TRUE,TRUE,TRUE,Conservative_sensitivity_only,,Below the primary raw-score threshold; do not merge into the strict set without labeling.,Total: 0.2 | Curated: sources=None; count=0; weight=0 | Clinical: sources=None; count=0; weight=0 | Inferred: sources=None; count=0; weight=0 | Models: sources=None; count=0; weight=0 | Biobank: none | Literature: sources=TEXTMINING_HUMAN; publications=8; weight=0.2
11093_C5392833,Acute Ischemic Stroke,C5392833,ADAMTS13,11093,ENSG00000160323,ADAM metallopeptidase with thrombospondin type 1 motif 13,protein-coding,0.2,0.1290322580645161,7,2008,2020,0.7142857142857143,0.47,0.88,Human_text_mining_only,TRUE,FALSE,TRUE,0.3,12,Extended_PC_0.20_to_lt_0.30,TRUE,TRUE,FALSE,Human_literature_sensitivity_only,,Below the primary raw-score threshold; do not merge into the strict set without labeling.,Total: 0.2 | Curated: sources=None; count=0; weight=0 | Clinical: sources=None; count=0; weight=0 | Inferred: sources=None; count=0; weight=0 | Models: sources=None; count=0; weight=0 | Biobank: none | Literature: sources=TEXTMINING_HUMAN; publications=7; weight=0.2
1116_C5392833,Acute Ischemic Stroke,C5392833,CHI3L1,1116,ENSG00000133048,chitinase 3 like 1,protein-coding,0.2,0.1290322580645161,7,2012,2025,1,0.4,0.88,Human_text_mining_only,TRUE,FALSE,TRUE,0.3,11,Extended_PC_0.20_to_lt_0.30,TRUE,TRUE,TRUE,Conservative_sensitivity_only,,Below the primary raw-score threshold; do not merge into the strict set without labeling.,Total: 0.2 | Curated: sources=None; count=0; weight=0 | Clinical: sources=None; count=0; weight=0 | Inferred: sources=None; count=0; weight=0 | Models: sources=None; count=0; weight=0 | Biobank: none | Literature: sources=TEXTMINING_HUMAN; publications=7; weight=0.2
6285_C5392833,Acute Ischemic Stroke,C5392833,S100B,6285,ENSG00000160307,S100 calcium binding protein B,protein-coding,0.2,0.1290322580645161,7,2004,2025,0.8571428571428571,0.41,0.92,Human_text_mining_only,TRUE,FALSE,TRUE,0.45,12,Extended_PC_0.20_to_lt_0.30,TRUE,TRUE,TRUE,Conservative_sensitivity_only,,Below the primary raw-score threshold; do not merge into the strict set without labeling.,Total: 0.2 | Curated: sources=None; count=0; weight=0 | Clinical: sources=None; count=0; weight=0 | Inferred: sources=None; count=0; weight=0 | Models: sources=None; count=0; weight=0 | Biobank: none | Literature: sources=TEXTMINING_HUMAN; publications=7; weight=0.2
348_C5392833,Acute Ischemic Stroke,C5392833,APOE,348,ENSG00000130203,apolipoprotein E,protein-coding,0.2,0.1290322580645161,6,2013,2025,0.8333333333333334,0.35,0.92,Human_text_mining_only,TRUE,FALSE,TRUE,0.35,55,Extended_PC_0.20_to_lt_0.30,TRUE,TRUE,TRUE,Conservative_sensitivity_only,,Below the primary raw-score threshold; do not merge into the strict set without labeling.,Total: 0.2 | Curated: sources=None; count=0; weight=0 | Clinical: sources=None; count=0; weight=0 | Inferred: sources=None; count=0; weight=0 | Models: sources=None; count=0; weight=0 | Biobank: none | Literature: sources=TEXTMINING_HUMAN; publications=6; weight=0.2
3605_C5392833,Acute Ischemic Stroke,C5392833,IL17A,3605,ENSG00000112115,interleukin 17A,protein-coding,0.2,0.1290322580645161,6,2021,2025,1,0.32,0.96,Human_text_mining_only,TRUE,FALSE,TRUE,0.45,13,Extended_PC_0.20_to_lt_0.30,TRUE,TRUE,TRUE,Conservative_sensitivity_only,,Below the primary raw-score threshold; do not merge into the strict set without labeling.,Total: 0.2 | Curated: sources=None; count=0; weight=0 | Clinical: sources=None; count=0; weight=0 | Inferred: sources=None; count=0; weight=0 | Models: sources=None; count=0; weight=0 | Biobank: none | Literature: sources=TEXTMINING_HUMAN; publications=6; weight=0.2
5444_C5392833,Acute Ischemic Stroke,C5392833,PON1,5444,ENSG00000005421,paraoxonase 1,protein-coding,0.2,0.1290322580645161,6,2007,2023,0.8333333333333334,0.42,0.92,Human_text_mining_only,TRUE,FALSE,TRUE,0.3,27,Extended_PC_0.20_to_lt_0.30,TRUE,TRUE,TRUE,Conservative_sensitivity_only,,Below the primary raw-score threshold; do not merge into the strict set without labeling.,Total: 0.2 | Curated: sources=None; count=0; weight=0 | Clinical: sources=None; count=0; weight=0 | Inferred: sources=None; count=0; weight=0 | Models: sources=None; count=0; weight=0 | Biobank: none | Literature: sources=TEXTMINING_HUMAN; publications=6; weight=0.2
7137_C5392833,Acute Ischemic Stroke,C5392833,TNNI3,7137,ENSG00000129991,"troponin I3, cardiac type",protein-coding,0.2,0.1290322580645161,6,2015,2024,0.8333333333333334,0.42,0.88,Human_text_mining_only,TRUE,FALSE,TRUE,0.25,9,Extended_PC_0.20_to_lt_0.30,TRUE,TRUE,TRUE,Conservative_sensitivity_only,,Below the primary raw-score threshold; do not merge into the strict set without labeling.,Total: 0.2 | Curated: sources=None; count=0; weight=0 | Clinical: sources=None; count=0; weight=0 | Inferred: sources=None; count=0; weight=0 | Models: sources=None; count=0; weight=0 | Biobank: none | Literature: sources=TEXTMINING_HUMAN; publications=6; weight=0.2
1440_C5392833,Acute Ischemic Stroke,C5392833,CSF3,1440,ENSG00000108342,colony stimulating factor 3,protein-coding,0.2,0.1290322580645161,5,2007,2019,0.8,0.36,0.92,Human_text_mining_only,TRUE,FALSE,TRUE,0.35,5,Extended_PC_0.20_to_lt_0.30,TRUE,TRUE,TRUE,Conservative_sensitivity_only,,Below the primary raw-score threshold; do not merge into the strict set without labeling.,Total: 0.2 | Curated: sources=None; count=0; weight=0 | Clinical: sources=None; count=0; weight=0 | Inferred: sources=None; count=0; weight=0 | Models: sources=None; count=0; weight=0 | Biobank: none | Literature: sources=TEXTMINING_HUMAN; publications=5; weight=0.2
2167_C5392833,Acute Ischemic Stroke,C5392833,FABP4,2167,ENSG00000170323,fatty acid binding protein 4,protein-coding,0.2,0.1290322580645161,5,2011,2021,1,0.45,0.88,Human_text_mining_only,TRUE,FALSE,TRUE,0.25,4,Extended_PC_0.20_to_lt_0.30,TRUE,TRUE,TRUE,Conservative_sensitivity_only,,Below the primary raw-score threshold; do not merge into the strict set without labeling.,Total: 0.2 | Curated: sources=None; count=0; weight=0 | Clinical: sources=None; count=0; weight=0 | Inferred: sources=None; count=0; weight=0 | Models: sources=None; count=0; weight=0 | Biobank: none | Literature: sources=TEXTMINING_HUMAN; publications=5; weight=0.2
3043_C5392833,Acute Ischemic Stroke,C5392833,HBB,3043,ENSG00000244734,hemoglobin subunit beta,protein-coding,0.2,0.1290322580645161,5,2009,2025,1,0.3,0.92,Human_text_mining_only,TRUE,FALSE,TRUE,0.45,20,Extended_PC_0.20_to_lt_0.30,TRUE,TRUE,TRUE,Conservative_sensitivity_only,,Below the primary raw-score threshold; do not merge into the strict set without labeling.,Total: 0.2 | Curated: sources=None; count=0; weight=0 | Clinical: sources=None; count=0; weight=0 | Inferred: sources=None; count=0; weight=0 | Models: sources=None; count=0; weight=0 | Biobank: none | Literature: sources=TEXTMINING_HUMAN; publications=5; weight=0.2
3383_C5392833,Acute Ischemic Stroke,C5392833,ICAM1,3383,ENSG00000090339,intercellular adhesion molecule 1,protein-coding,0.2,0.1290322580645161,5,2015,2026,1,0.34,0.92,Human_text_mining_only,TRUE,FALSE,TRUE,0.45,15,Extended_PC_0.20_to_lt_0.30,TRUE,TRUE,TRUE,Conservative_sensitivity_only,,Below the primary raw-score threshold; do not merge into the strict set without labeling.,Total: 0.2 | Curated: sources=None; count=0; weight=0 | Clinical: sources=None; count=0; weight=0 | Inferred: sources=None; count=0; weight=0 | Models: sources=None; count=0; weight=0 | Biobank: none | Literature: sources=TEXTMINING_HUMAN; publications=5; weight=0.2
3586_C5392833,Acute Ischemic Stroke,C5392833,IL10,3586,ENSG00000136634,interleukin 10,protein-coding,0.2,0.1290322580645161,5,2009,2025,0.8,0.29,0.96,Human_text_mining_only,TRUE,FALSE,TRUE,0.45,25,Extended_PC_0.20_to_lt_0.30,TRUE,TRUE,TRUE,Conservative_sensitivity_only,,Below the primary raw-score threshold; do not merge into the strict set without labeling.,Total: 0.2 | Curated: sources=None; count=0; weight=0 | Clinical: sources=None; count=0; weight=0 | Inferred: sources=None; count=0; weight=0 | Models: sources=None; count=0; weight=0 | Biobank: none | Literature: sources=TEXTMINING_HUMAN; publications=5; weight=0.2
90865_C5392833,Acute Ischemic Stroke,C5392833,IL33,90865,ENSG00000137033,interleukin 33,protein-coding,0.2,0.1290322580645161,5,2018,2021,1,0.38,0.88,Human_text_mining_only,TRUE,FALSE,TRUE,0.35,7,Extended_PC_0.20_to_lt_0.30,TRUE,TRUE,TRUE,Conservative_sensitivity_only,,Below the primary raw-score threshold; do not merge into the strict set without labeling.,Total: 0.2 | Curated: sources=None; count=0; weight=0 | Clinical: sources=None; count=0; weight=0 | Inferred: sources=None; count=0; weight=0 | Models: sources=None; count=0; weight=0 | Biobank: none | Literature: sources=TEXTMINING_HUMAN; publications=5; weight=0.2
4790_C5392833,Acute Ischemic Stroke,C5392833,NFKB1,4790,ENSG00000109320,nuclear factor kappa B subunit 1,protein-coding,0.2,0.1290322580645161,5,1998,2025,1,0.31,0.92,Human_text_mining_only,TRUE,FALSE,TRUE,0.35,37,Extended_PC_0.20_to_lt_0.30,TRUE,TRUE,TRUE,Conservative_sensitivity_only,,Below the primary raw-score threshold; do not merge into the strict set without labeling.,Total: 0.2 | Curated: sources=None; count=0; weight=0 | Clinical: sources=None; count=0; weight=0 | Inferred: sources=None; count=0; weight=0 | Models: sources=None; count=0; weight=0 | Biobank: none | Literature: sources=TEXTMINING_HUMAN; publications=5; weight=0.2
5950_C5392833,Acute Ischemic Stroke,C5392833,RBP4,5950,ENSG00000138207,retinol binding protein 4,protein-coding,0.2,0.1290322580645161,5,2018,2023,1,0.45,0.88,Human_text_mining_only,TRUE,FALSE,TRUE,0.2,3,Extended_PC_0.20_to_lt_0.30,TRUE,TRUE,TRUE,Conservative_sensitivity_only,,Below the primary raw-score threshold; do not merge into the strict set without labeling.,Total: 0.2 | Curated: sources=None; count=0; weight=0 | Clinical: sources=None; count=0; weight=0 | Inferred: sources=None; count=0; weight=0 | Models: sources=None; count=0; weight=0 | Biobank: none | Literature: sources=TEXTMINING_HUMAN; publications=5; weight=0.2
7295_C5392833,Acute Ischemic Stroke,C5392833,TXN,7295,ENSG00000136810,thioredoxin,protein-coding,0.2,0.1290322580645161,5,2015,2025,1,0.46,0.88,Human_text_mining_only,TRUE,FALSE,TRUE,0.2,3,Extended_PC_0.20_to_lt_0.30,TRUE,TRUE,TRUE,Conservative_sensitivity_only,,Below the primary raw-score threshold; do not merge into the strict set without labeling.,Total: 0.2 | Curated: sources=None; count=0; weight=0 | Clinical: sources=None; count=0; weight=0 | Inferred: sources=None; count=0; weight=0 | Models: sources=None; count=0; weight=0 | Biobank: none | Literature: sources=TEXTMINING_HUMAN; publications=5; weight=0.2
7450_C5392833,Acute Ischemic Stroke,C5392833,VWF,7450,ENSG00000110799,von Willebrand factor,protein-coding,0.2,0.1290322580645161,5,2001,2020,1,0.38,0.92,Human_text_mining_only,TRUE,FALSE,TRUE,0.5,34,Extended_PC_0.20_to_lt_0.30,TRUE,TRUE,TRUE,Conservative_sensitivity_only,,Below the primary raw-score threshold; do not merge into the strict set without labeling.,Total: 0.2 | Curated: sources=None; count=0; weight=0 | Clinical: sources=None; count=0; weight=0 | Inferred: sources=None; count=0; weight=0 | Models: sources=None; count=0; weight=0 | Biobank: none | Literature: sources=TEXTMINING_HUMAN; publications=5; weight=0.2
567_C5392833,Acute Ischemic Stroke,C5392833,B2M,567,ENSG00000166710,beta-2-microglobulin,protein-coding,0.2,0.1290322580645161,4,2019,2024,0.75,0.43,0.83,Human_text_mining_only,TRUE,FALSE,TRUE,0.25,4,Extended_PC_0.20_to_lt_0.30,TRUE,TRUE,FALSE,Human_literature_sensitivity_only,,Below the primary raw-score threshold; do not merge into the strict set without labeling.,Total: 0.2 | Curated: sources=None; count=0; weight=0 | Clinical: sources=None; count=0; weight=0 | Inferred: sources=None; count=0; weight=0 | Models: sources=None; count=0; weight=0 | Biobank: none | Literature: sources=TEXTMINING_HUMAN; publications=4; weight=0.2
796_C5392833,Acute Ischemic Stroke,C5392833,CALCA,796,ENSG00000110680,calcitonin related polypeptide alpha,protein-coding,0.2,0.1290322580645161,4,2015,2020,1,0.36,0.92,Human_text_mining_only,TRUE,FALSE,TRUE,0.3,6,Extended_PC_0.20_to_lt_0.30,TRUE,TRUE,TRUE,Conservative_sensitivity_only,,Below the primary raw-score threshold; do not merge into the strict set without labeling.,Total: 0.2 | Curated: sources=None; count=0; weight=0 | Clinical: sources=None; count=0; weight=0 | Inferred: sources=None; count=0; weight=0 | Models: sources=None; count=0; weight=0 | Biobank: none | Literature: sources=TEXTMINING_HUMAN; publications=4; weight=0.2
1557_C5392833,Acute Ischemic Stroke,C5392833,CYP2C19,1557,ENSG00000165841,cytochrome P450 family 2 subfamily C member 19,protein-coding,0.2,0.1290322580645161,4,2015,2025,0.5,0.46,0.92,Human_text_mining_only,TRUE,FALSE,TRUE,0.4,34,Extended_PC_0.20_to_lt_0.30,TRUE,TRUE,FALSE,Human_literature_sensitivity_only,,Below the primary raw-score threshold; do not merge into the strict set without labeling.,Total: 0.2 | Curated: sources=None; count=0; weight=0 | Clinical: sources=None; count=0; weight=0 | Inferred: sources=None; count=0; weight=0 | Models: sources=None; count=0; weight=0 | Biobank: none | Literature: sources=TEXTMINING_HUMAN; publications=4; weight=0.2
3146_C5392833,Acute Ischemic Stroke,C5392833,HMGB1,3146,ENSG00000189403,high mobility group box 1,protein-coding,0.2,0.1290322580645161,4,2017,2025,1,0.37,0.92,Human_text_mining_only,TRUE,FALSE,TRUE,0.3,15,Extended_PC_0.20_to_lt_0.30,TRUE,TRUE,TRUE,Conservative_sensitivity_only,,Below the primary raw-score threshold; do not merge into the strict set without labeling.,Total: 0.2 | Curated: sources=None; count=0; weight=0 | Clinical: sources=None; count=0; weight=0 | Inferred: sources=None; count=0; weight=0 | Models: sources=None; count=0; weight=0 | Biobank: none | Literature: sources=TEXTMINING_HUMAN; publications=4; weight=0.2
9173_C5392833,Acute Ischemic Stroke,C5392833,IL1RL1,9173,ENSG00000115602,interleukin 1 receptor like 1,protein-coding,0.2,0.1290322580645161,4,2018,2023,1,0.42,0.92,Human_text_mining_only,TRUE,FALSE,TRUE,0.2,3,Extended_PC_0.20_to_lt_0.30,TRUE,TRUE,TRUE,Conservative_sensitivity_only,,Below the primary raw-score threshold; do not merge into the strict set without labeling.,Total: 0.2 | Curated: sources=None; count=0; weight=0 | Clinical: sources=None; count=0; weight=0 | Inferred: sources=None; count=0; weight=0 | Models: sources=None; count=0; weight=0 | Biobank: none | Literature: sources=TEXTMINING_HUMAN; publications=4; weight=0.2
3958_C5392833,Acute Ischemic Stroke,C5392833,LGALS3,3958,ENSG00000131981,galectin 3,protein-coding,0.2,0.1290322580645161,4,2017,2021,1,0.37,0.92,Human_text_mining_only,TRUE,FALSE,TRUE,0.35,13,Extended_PC_0.20_to_lt_0.30,TRUE,TRUE,TRUE,Conservative_sensitivity_only,,Below the primary raw-score threshold; do not merge into the strict set without labeling.,Total: 0.2 | Curated: sources=None; count=0; weight=0 | Clinical: sources=None; count=0; weight=0 | Inferred: sources=None; count=0; weight=0 | Models: sources=None; count=0; weight=0 | Biobank: none | Literature: sources=TEXTMINING_HUMAN; publications=4; weight=0.2
406909_C5392833,Acute Ischemic Stroke,C5392833,MIR124-3,406909,ENSG00000207598,microRNA 124-3,ncRNA,0.2,0.1290322580645161,4,2015,2025,1,0.46,0.88,Human_text_mining_only,TRUE,FALSE,TRUE,0.25,7,Extended_nonprotein_audit,FALSE,FALSE,FALSE,Noncoding_audit_only,,Non-protein-coding record; exclude from routine STRING protein PPI.,Total: 0.2 | Curated: sources=None; count=0; weight=0 | Clinical: sources=None; count=0; weight=0 | Inferred: sources=None; count=0; weight=0 | Models: sources=None; count=0; weight=0 | Biobank: none | Literature: sources=TEXTMINING_HUMAN; publications=4; weight=0.2
406938_C5392833,Acute Ischemic Stroke,C5392833,MIR146A,406938,ENSG00000283733,microRNA 146a,ncRNA,0.2,0.1290322580645161,4,2015,2020,1,0.4,0.88,Human_text_mining_only,TRUE,FALSE,TRUE,0.35,15,Extended_nonprotein_audit,FALSE,FALSE,FALSE,Noncoding_audit_only,,Non-protein-coding record; exclude from routine STRING protein PPI.,Total: 0.2 | Curated: sources=None; count=0; weight=0 | Clinical: sources=None; count=0; weight=0 | Inferred: sources=None; count=0; weight=0 | Models: sources=None; count=0; weight=0 | Biobank: none | Literature: sources=TEXTMINING_HUMAN; publications=4; weight=0.2
406961_C5392833,Acute Ischemic Stroke,C5392833,MIR185,406961,ENSG00000208023,microRNA 185,ncRNA,0.2,0.1290322580645161,4,2015,2022,1,0.55,0.88,Human_text_mining_only,TRUE,FALSE,TRUE,0.2,2,Extended_nonprotein_audit,FALSE,FALSE,FALSE,Noncoding_audit_only,,Non-protein-coding record; exclude from routine STRING protein PPI.,Total: 0.2 | Curated: sources=None; count=0; weight=0 | Clinical: sources=None; count=0; weight=0 | Inferred: sources=None; count=0; weight=0 | Models: sources=None; count=0; weight=0 | Biobank: none | Literature: sources=TEXTMINING_HUMAN; publications=4; weight=0.2
4353_C5392833,Acute Ischemic Stroke,C5392833,MPO,4353,ENSG00000005381,myeloperoxidase,protein-coding,0.2,0.1290322580645161,4,2018,2026,1,0.37,0.92,Human_text_mining_only,TRUE,FALSE,TRUE,0.35,15,Extended_PC_0.20_to_lt_0.30,TRUE,TRUE,TRUE,Conservative_sensitivity_only,,Below the primary raw-score threshold; do not merge into the strict set without labeling.,Total: 0.2 | Curated: sources=None; count=0; weight=0 | Clinical: sources=None; count=0; weight=0 | Inferred: sources=None; count=0; weight=0 | Models: sources=None; count=0; weight=0 | Biobank: none | Literature: sources=TEXTMINING_HUMAN; publications=4; weight=0.2
114548_C5392833,Acute Ischemic Stroke,C5392833,NLRP3,114548,ENSG00000162711,NLR family pyrin domain containing 3,protein-coding,0.2,0.1290322580645161,4,2022,2026,1,0.35,0.92,Human_text_mining_only,TRUE,FALSE,TRUE,0.4,34,Extended_PC_0.20_to_lt_0.30,TRUE,TRUE,TRUE,Conservative_sensitivity_only,,Below the primary raw-score threshold; do not merge into the strict set without labeling.,Total: 0.2 | Curated: sources=None; count=0; weight=0 | Clinical: sources=None; count=0; weight=0 | Inferred: sources=None; count=0; weight=0 | Models: sources=None; count=0; weight=0 | Biobank: none | Literature: sources=TEXTMINING_HUMAN; publications=4; weight=0.2
4878_C5392833,Acute Ischemic Stroke,C5392833,NPPA,4878,ENSG00000175206,natriuretic peptide A,protein-coding,0.2,0.1290322580645161,4,2007,2025,1,0.46,0.83,Human_text_mining_only,TRUE,FALSE,TRUE,0.25,7,Extended_PC_0.20_to_lt_0.30,TRUE,TRUE,TRUE,Conservative_sensitivity_only,,Below the primary raw-score threshold; do not merge into the strict set without labeling.,Total: 0.2 | Curated: sources=None; count=0; weight=0 | Clinical: sources=None; count=0; weight=0 | Inferred: sources=None; count=0; weight=0 | Models: sources=None; count=0; weight=0 | Biobank: none | Literature: sources=TEXTMINING_HUMAN; publications=4; weight=0.2
6401_C5392833,Acute Ischemic Stroke,C5392833,SELE,6401,ENSG00000007908,selectin E,protein-coding,0.2,0.1290322580645161,4,2007,2025,0.5,0.42,0.88,Human_text_mining_only,TRUE,FALSE,TRUE,0.3,8,Extended_PC_0.20_to_lt_0.30,TRUE,TRUE,FALSE,Human_literature_sensitivity_only,,Below the primary raw-score threshold; do not merge into the strict set without labeling.,Total: 0.2 | Curated: sources=None; count=0; weight=0 | Clinical: sources=None; count=0; weight=0 | Inferred: sources=None; count=0; weight=0 | Models: sources=None; count=0; weight=0 | Biobank: none | Literature: sources=TEXTMINING_HUMAN; publications=4; weight=0.2
6774_C5392833,Acute Ischemic Stroke,C5392833,STAT3,6774,ENSG00000168610,signal transducer and activator of transcription 3,protein-coding,0.2,0.1290322580645161,4,2021,2026,1,0.32,0.88,Human_text_mining_only,TRUE,FALSE,TRUE,0.35,24,Extended_PC_0.20_to_lt_0.30,TRUE,TRUE,TRUE,Conservative_sensitivity_only,,Below the primary raw-score threshold; do not merge into the strict set without labeling.,Total: 0.2 | Curated: sources=None; count=0; weight=0 | Clinical: sources=None; count=0; weight=0 | Inferred: sources=None; count=0; weight=0 | Models: sources=None; count=0; weight=0 | Biobank: none | Literature: sources=TEXTMINING_HUMAN; publications=4; weight=0.2
54209_C5392833,Acute Ischemic Stroke,C5392833,TREM2,54209,ENSG00000095970,triggering receptor expressed on myeloid cells 2,protein-coding,0.2,0.1290322580645161,4,2021,2025,1,0.44,0.92,Human_text_mining_only,TRUE,FALSE,TRUE,0.25,9,Extended_PC_0.20_to_lt_0.30,TRUE,TRUE,TRUE,Conservative_sensitivity_only,,Below the primary raw-score threshold; do not merge into the strict set without labeling.,Total: 0.2 | Curated: sources=None; count=0; weight=0 | Clinical: sources=None; count=0; weight=0 | Inferred: sources=None; count=0; weight=0 | Models: sources=None; count=0; weight=0 | Biobank: none | Literature: sources=TEXTMINING_HUMAN; publications=4; weight=0.2
177_C5392833,Acute Ischemic Stroke,C5392833,AGER,177,ENSG00000204305,advanced glycosylation end-product specific receptor,protein-coding,0.2,0.1290322580645161,3,2009,2021,1,0.37,0.88,Human_text_mining_only,TRUE,FALSE,TRUE,0.2,9,Extended_PC_0.20_to_lt_0.30,TRUE,TRUE,TRUE,Conservative_sensitivity_only,,Below the primary raw-score threshold; do not merge into the strict set without labeling.,Total: 0.2 | Curated: sources=None; count=0; weight=0 | Clinical: sources=None; count=0; weight=0 | Inferred: sources=None; count=0; weight=0 | Models: sources=None; count=0; weight=0 | Biobank: none | Literature: sources=TEXTMINING_HUMAN; publications=3; weight=0.2
249_C5392833,Acute Ischemic Stroke,C5392833,ALPL,249,ENSG00000162551,"alkaline phosphatase, biomineralization associated",protein-coding,0.2,0.1290322580645161,3,2018,2022,1,0.34,0.92,Human_text_mining_only,TRUE,FALSE,TRUE,0.3,4,Extended_PC_0.20_to_lt_0.30,TRUE,TRUE,TRUE,Conservative_sensitivity_only,,Below the primary raw-score threshold; do not merge into the strict set without labeling.,Total: 0.2 | Curated: sources=None; count=0; weight=0 | Clinical: sources=None; count=0; weight=0 | Inferred: sources=None; count=0; weight=0 | Models: sources=None; count=0; weight=0 | Biobank: none | Literature: sources=TEXTMINING_HUMAN; publications=3; weight=0.2
338_C5392833,Acute Ischemic Stroke,C5392833,APOB,338,ENSG00000084674,apolipoprotein B,protein-coding,0.2,0.1290322580645161,3,2023,2025,0.6666666666666666,0.41,0.88,Human_text_mining_only,TRUE,FALSE,TRUE,0.4,30,Extended_PC_0.20_to_lt_0.30,TRUE,TRUE,FALSE,Human_literature_sensitivity_only,,Below the primary raw-score threshold; do not merge into the strict set without labeling.,Total: 0.2 | Curated: sources=None; count=0; weight=0 | Clinical: sources=None; count=0; weight=0 | Inferred: sources=None; count=0; weight=0 | Models: sources=None; count=0; weight=0 | Biobank: none | Literature: sources=TEXTMINING_HUMAN; publications=3; weight=0.2
1361_C5392833,Acute Ischemic Stroke,C5392833,CPB2,1361,ENSG00000080618,carboxypeptidase B2,protein-coding,0.2,0.1290322580645161,3,2007,2016,1,0.51,0.83,Human_text_mining_only,TRUE,FALSE,TRUE,0.3,8,Extended_PC_0.20_to_lt_0.30,TRUE,TRUE,TRUE,Conservative_sensitivity_only,,Below the primary raw-score threshold; do not merge into the strict set without labeling.,Total: 0.2 | Curated: sources=None; count=0; weight=0 | Clinical: sources=None; count=0; weight=0 | Inferred: sources=None; count=0; weight=0 | Models: sources=None; count=0; weight=0 | Biobank: none | Literature: sources=TEXTMINING_HUMAN; publications=3; weight=0.2
6387_C5392833,Acute Ischemic Stroke,C5392833,CXCL12,6387,ENSG00000107562,C-X-C motif chemokine ligand 12,protein-coding,0.2,0.1290322580645161,3,2015,2019,1,0.38,0.92,Human_text_mining_only,TRUE,FALSE,TRUE,0.35,11,Extended_PC_0.20_to_lt_0.30,TRUE,TRUE,TRUE,Conservative_sensitivity_only,,Below the primary raw-score threshold; do not merge into the strict set without labeling.,Total: 0.2 | Curated: sources=None; count=0; weight=0 | Clinical: sources=None; count=0; weight=0 | Inferred: sources=None; count=0; weight=0 | Models: sources=None; count=0; weight=0 | Biobank: none | Literature: sources=TEXTMINING_HUMAN; publications=3; weight=0.2
2147_C5392833,Acute Ischemic Stroke,C5392833,F2,2147,ENSG00000180210,"coagulation factor II, thrombin",protein-coding,0.2,0.1290322580645161,3,1998,2024,0.6666666666666666,0.41,0.88,Human_text_mining_only,TRUE,FALSE,TRUE,0.8,57,Extended_PC_0.20_to_lt_0.30,TRUE,TRUE,FALSE,Human_literature_sensitivity_only,,Below the primary raw-score threshold; do not merge into the strict set without labeling.,Total: 0.2 | Curated: sources=None; count=0; weight=0 | Clinical: sources=None; count=0; weight=0 | Inferred: sources=None; count=0; weight=0 | Models: sources=None; count=0; weight=0 | Biobank: none | Literature: sources=TEXTMINING_HUMAN; publications=3; weight=0.2
2157_C5392833,Acute Ischemic Stroke,C5392833,F8,2157,ENSG00000185010,coagulation factor VIII,protein-coding,0.2,0.1290322580645161,3,2014,2022,1,0.44,0.88,Human_text_mining_only,TRUE,FALSE,TRUE,0.4,10,Extended_PC_0.20_to_lt_0.30,TRUE,TRUE,TRUE,Conservative_sensitivity_only,,Below the primary raw-score threshold; do not merge into the strict set without labeling.,Total: 0.2 | Curated: sources=None; count=0; weight=0 | Clinical: sources=None; count=0; weight=0 | Inferred: sources=None; count=0; weight=0 | Models: sources=None; count=0; weight=0 | Biobank: none | Literature: sources=TEXTMINING_HUMAN; publications=3; weight=0.2
85302_C5392833,Acute Ischemic Stroke,C5392833,FBF1,85302,ENSG00000188878,Fas binding factor 1,protein-coding,0.2,0.1290322580645161,3,2025,2026,1,0.5,0.88,Human_text_mining_only,TRUE,FALSE,TRUE,0.2,1,Extended_PC_0.20_to_lt_0.30,TRUE,TRUE,TRUE,Conservative_sensitivity_only,,Below the primary raw-score threshold; do not merge into the strict set without labeling.,Total: 0.2 | Curated: sources=None; count=0; weight=0 | Clinical: sources=None; count=0; weight=0 | Inferred: sources=None; count=0; weight=0 | Models: sources=None; count=0; weight=0 | Biobank: none | Literature: sources=TEXTMINING_HUMAN; publications=3; weight=0.2
2243_C5392833,Acute Ischemic Stroke,C5392833,FGA,2243,ENSG00000171560,fibrinogen alpha chain,protein-coding,0.2,0.1290322580645161,3,2021,2024,1,0.44,0.88,Human_text_mining_only,TRUE,FALSE,TRUE,0.4,11,Extended_PC_0.20_to_lt_0.30,TRUE,TRUE,TRUE,Conservative_sensitivity_only,,Below the primary raw-score threshold; do not merge into the strict set without labeling.,Total: 0.2 | Curated: sources=None; count=0; weight=0 | Clinical: sources=None; count=0; weight=0 | Inferred: sources=None; count=0; weight=0 | Models: sources=None; count=0; weight=0 | Biobank: none | Literature: sources=TEXTMINING_HUMAN; publications=3; weight=0.2
79068_C5392833,Acute Ischemic Stroke,C5392833,FTO,79068,ENSG00000140718,FTO alpha-ketoglutarate dependent dioxygenase,protein-coding,0.2,0.1290322580645161,3,2024,2025,1,0.42,0.88,Human_text_mining_only,TRUE,FALSE,TRUE,0.2,4,Extended_PC_0.20_to_lt_0.30,TRUE,TRUE,TRUE,Conservative_sensitivity_only,,Below the primary raw-score threshold; do not merge into the strict set without labeling.,Total: 0.2 | Curated: sources=None; count=0; weight=0 | Clinical: sources=None; count=0; weight=0 | Inferred: sources=None; count=0; weight=0 | Models: sources=None; count=0; weight=0 | Biobank: none | Literature: sources=TEXTMINING_HUMAN; publications=3; weight=0.2
2902_C5392833,Acute Ischemic Stroke,C5392833,GRIN1,2902,ENSG00000176884,glutamate ionotropic receptor NMDA type subunit 1,protein-coding,0.2,0.1290322580645161,3,2021,2025,1,0.43,0.92,Human_text_mining_only,TRUE,FALSE,TRUE,0.25,7,Extended_PC_0.20_to_lt_0.30,TRUE,TRUE,TRUE,Conservative_sensitivity_only,,Below the primary raw-score threshold; do not merge into the strict set without labeling.,Total: 0.2 | Curated: sources=None; count=0; weight=0 | Clinical: sources=None; count=0; weight=0 | Inferred: sources=None; count=0; weight=0 | Models: sources=None; count=0; weight=0 | Biobank: none | Literature: sources=TEXTMINING_HUMAN; publications=3; weight=0.2
3458_C5392833,Acute Ischemic Stroke,C5392833,IFNG,3458,ENSG00000111537,interferon gamma,protein-coding,0.2,0.1290322580645161,3,2018,2024,1,0.29,0.92,Human_text_mining_only,TRUE,FALSE,TRUE,0.35,6,Extended_PC_0.20_to_lt_0.30,TRUE,TRUE,TRUE,Conservative_sensitivity_only,,Below the primary raw-score threshold; do not merge into the strict set without labeling.,Total: 0.2 | Curated: sources=None; count=0; weight=0 | Clinical: sources=None; count=0; weight=0 | Inferred: sources=None; count=0; weight=0 | Models: sources=None; count=0; weight=0 | Biobank: none | Literature: sources=TEXTMINING_HUMAN; publications=3; weight=0.2
3606_C5392833,Acute Ischemic Stroke,C5392833,IL18,3606,ENSG00000150782,interleukin 18,protein-coding,0.2,0.1290322580645161,3,2017,2019,0.3333333333333333,0.35,0.92,Human_text_mining_only,TRUE,FALSE,TRUE,0.45,13,Extended_PC_0.20_to_lt_0.30,TRUE,TRUE,FALSE,Human_literature_sensitivity_only,,Below the primary raw-score threshold; do not merge into the strict set without labeling.,Total: 0.2 | Curated: sources=None; count=0; weight=0 | Clinical: sources=None; count=0; weight=0 | Inferred: sources=None; count=0; weight=0 | Models: sources=None; count=0; weight=0 | Biobank: none | Literature: sources=TEXTMINING_HUMAN; publications=3; weight=0.2
3565_C5392833,Acute Ischemic Stroke,C5392833,IL4,3565,ENSG00000113520,interleukin 4,protein-coding,0.2,0.1290322580645161,3,2019,2024,1,0.33,0.96,Human_text_mining_only,TRUE,FALSE,TRUE,0.3,5,Extended_PC_0.20_to_lt_0.30,TRUE,TRUE,TRUE,Conservative_sensitivity_only,,Below the primary raw-score threshold; do not merge into the strict set without labeling.,Total: 0.2 | Curated: sources=None; count=0; weight=0 | Clinical: sources=None; count=0; weight=0 | Inferred: sources=None; count=0; weight=0 | Models: sources=None; count=0; weight=0 | Biobank: none | Literature: sources=TEXTMINING_HUMAN; publications=3; weight=0.2
3717_C5392833,Acute Ischemic Stroke,C5392833,JAK2,3717,ENSG00000096968,Janus kinase 2,protein-coding,0.2,0.1290322580645161,3,2021,2026,1,0.38,0.88,Human_text_mining_only,TRUE,FALSE,TRUE,0.4,15,Extended_PC_0.20_to_lt_0.30,TRUE,TRUE,TRUE,Conservative_sensitivity_only,,Below the primary raw-score threshold; do not merge into the strict set without labeling.,Total: 0.2 | Curated: sources=None; count=0; weight=0 | Clinical: sources=None; count=0; weight=0 | Inferred: sources=None; count=0; weight=0 | Models: sources=None; count=0; weight=0 | Biobank: none | Literature: sources=TEXTMINING_HUMAN; publications=3; weight=0.2
3791_C5392833,Acute Ischemic Stroke,C5392833,KDR,3791,ENSG00000128052,kinase insert domain receptor,protein-coding,0.2,0.1290322580645161,3,2018,2024,1,0.37,0.88,Human_text_mining_only,TRUE,FALSE,TRUE,0.35,6,Extended_PC_0.20_to_lt_0.30,TRUE,TRUE,TRUE,Conservative_sensitivity_only,,Below the primary raw-score threshold; do not merge into the strict set without labeling.,Total: 0.2 | Curated: sources=None; count=0; weight=0 | Clinical: sources=None; count=0; weight=0 | Inferred: sources=None; count=0; weight=0 | Models: sources=None; count=0; weight=0 | Biobank: none | Literature: sources=TEXTMINING_HUMAN; publications=3; weight=0.2
3934_C5392833,Acute Ischemic Stroke,C5392833,LCN2,3934,ENSG00000148346,lipocalin 2,protein-coding,0.2,0.1290322580645161,3,2018,2023,1,0.38,0.88,Human_text_mining_only,TRUE,FALSE,TRUE,0.45,10,Extended_PC_0.20_to_lt_0.30,TRUE,TRUE,TRUE,Conservative_sensitivity_only,,Below the primary raw-score threshold; do not merge into the strict set without labeling.,Total: 0.2 | Curated: sources=None; count=0; weight=0 | Clinical: sources=None; count=0; weight=0 | Inferred: sources=None; count=0; weight=0 | Models: sources=None; count=0; weight=0 | Biobank: none | Literature: sources=TEXTMINING_HUMAN; publications=3; weight=0.2
442904_C5392833,Acute Ischemic Stroke,C5392833,MIR335,442904,ENSG00000199043,microRNA 335,ncRNA,0.2,0.1290322580645161,3,2016,2024,1,0.52,0.88,Human_text_mining_only,TRUE,FALSE,TRUE,0.2,2,Extended_nonprotein_audit,FALSE,FALSE,FALSE,Noncoding_audit_only,,Non-protein-coding record; exclude from routine STRING protein PPI.,Total: 0.2 | Curated: sources=None; count=0; weight=0 | Clinical: sources=None; count=0; weight=0 | Inferred: sources=None; count=0; weight=0 | Models: sources=None; count=0; weight=0 | Biobank: none | Literature: sources=TEXTMINING_HUMAN; publications=3; weight=0.2
406891_C5392833,Acute Ischemic Stroke,C5392833,MIRLET7I,406891,ENSG00000199179,microRNA let-7i,ncRNA,0.2,0.1290322580645161,3,2014,2017,1,0.6,0.83,Human_text_mining_only,TRUE,FALSE,FALSE,,,Extended_nonprotein_audit,FALSE,FALSE,FALSE,Noncoding_audit_only,,Non-protein-coding record; exclude from routine STRING protein PPI.,Total: 0.2 | Curated: sources=None; count=0; weight=0 | Clinical: sources=None; count=0; weight=0 | Inferred: sources=None; count=0; weight=0 | Models: sources=None; count=0; weight=0 | Biobank: none | Literature: sources=TEXTMINING_HUMAN; publications=3; weight=0.2
4524_C5392833,Acute Ischemic Stroke,C5392833,MTHFR,4524,ENSG00000177000,methylenetetrahydrofolate reductase,protein-coding,0.2,0.1290322580645161,3,2008,2023,1,0.36,0.88,Human_text_mining_only,TRUE,FALSE,TRUE,0.5,102,Extended_PC_0.20_to_lt_0.30,TRUE,TRUE,TRUE,Conservative_sensitivity_only,,Below the primary raw-score threshold; do not merge into the strict set without labeling.,Total: 0.2 | Curated: sources=None; count=0; weight=0 | Clinical: sources=None; count=0; weight=0 | Inferred: sources=None; count=0; weight=0 | Models: sources=None; count=0; weight=0 | Biobank: none | Literature: sources=TEXTMINING_HUMAN; publications=3; weight=0.2
4846_C5392833,Acute Ischemic Stroke,C5392833,NOS3,4846,ENSG00000164867,nitric oxide synthase 3,protein-coding,0.2,0.1290322580645161,3,2008,2021,0.3333333333333333,0.38,0.92,Human_text_mining_only,TRUE,FALSE,TRUE,0.5,42,Extended_PC_0.20_to_lt_0.30,TRUE,TRUE,FALSE,Human_literature_sensitivity_only,,Below the primary raw-score threshold; do not merge into the strict set without labeling.,Total: 0.2 | Curated: sources=None; count=0; weight=0 | Clinical: sources=None; count=0; weight=0 | Inferred: sources=None; count=0; weight=0 | Models: sources=None; count=0; weight=0 | Biobank: none | Literature: sources=TEXTMINING_HUMAN; publications=3; weight=0.2
6403_C5392833,Acute Ischemic Stroke,C5392833,SELP,6403,ENSG00000174175,selectin P,protein-coding,0.2,0.1290322580645161,3,2016,2022,0.3333333333333333,0.42,0.88,Human_text_mining_only,TRUE,FALSE,TRUE,0.45,16,Extended_PC_0.20_to_lt_0.30,TRUE,TRUE,FALSE,Human_literature_sensitivity_only,,Below the primary raw-score threshold; do not merge into the strict set without labeling.,Total: 0.2 | Curated: sources=None; count=0; weight=0 | Clinical: sources=None; count=0; weight=0 | Inferred: sources=None; count=0; weight=0 | Models: sources=None; count=0; weight=0 | Biobank: none | Literature: sources=TEXTMINING_HUMAN; publications=3; weight=0.2
6620_C5392833,Acute Ischemic Stroke,C5392833,SNCB,6620,ENSG00000074317,synuclein beta,protein-coding,0.2,0.1290322580645161,3,2023,2025,1,0.6,0.71,Human_text_mining_only,TRUE,FALSE,FALSE,,,Extended_PC_0.20_to_lt_0.30,TRUE,TRUE,TRUE,Conservative_sensitivity_only,,Below the primary raw-score threshold; do not merge into the strict set without labeling.,Total: 0.2 | Curated: sources=None; count=0; weight=0 | Clinical: sources=None; count=0; weight=0 | Inferred: sources=None; count=0; weight=0 | Models: sources=None; count=0; weight=0 | Biobank: none | Literature: sources=TEXTMINING_HUMAN; publications=3; weight=0.2
4982_C5392833,Acute Ischemic Stroke,C5392833,TNFRSF11B,4982,ENSG00000164761,TNF receptor superfamily member 11b,protein-coding,0.2,0.1290322580645161,3,2019,2022,1,0.4,0.88,Human_text_mining_only,TRUE,FALSE,TRUE,0.4,12,Extended_PC_0.20_to_lt_0.30,TRUE,TRUE,TRUE,Conservative_sensitivity_only,,Below the primary raw-score threshold; do not merge into the strict set without labeling.,Total: 0.2 | Curated: sources=None; count=0; weight=0 | Clinical: sources=None; count=0; weight=0 | Inferred: sources=None; count=0; weight=0 | Models: sources=None; count=0; weight=0 | Biobank: none | Literature: sources=TEXTMINING_HUMAN; publications=3; weight=0.2
7157_C5392833,Acute Ischemic Stroke,C5392833,TP53,7157,ENSG00000141510,tumor protein p53,protein-coding,0.2,0.1290322580645161,3,2020,2023,1,0.25,0.96,Human_text_mining_only,TRUE,FALSE,TRUE,0.35,14,Extended_PC_0.20_to_lt_0.30,TRUE,TRUE,TRUE,Conservative_sensitivity_only,,Below the primary raw-score threshold; do not merge into the strict set without labeling.,Total: 0.2 | Curated: sources=None; count=0; weight=0 | Clinical: sources=None; count=0; weight=0 | Inferred: sources=None; count=0; weight=0 | Models: sources=None; count=0; weight=0 | Biobank: none | Literature: sources=TEXTMINING_HUMAN; publications=3; weight=0.2
2_C5392833,Acute Ischemic Stroke,C5392833,A2M,2,ENSG00000175899,alpha-2-macroglobulin,protein-coding,0.2,0.1290322580645161,2,2013,2017,1,0.5,0.88,Human_text_mining_only,TRUE,FALSE,TRUE,0.3,2,Extended_PC_0.20_to_lt_0.30,TRUE,TRUE,TRUE,Conservative_sensitivity_only,,Below the primary raw-score threshold; do not merge into the strict set without labeling.,Total: 0.2 | Curated: sources=None; count=0; weight=0 | Clinical: sources=None; count=0; weight=0 | Inferred: sources=None; count=0; weight=0 | Models: sources=None; count=0; weight=0 | Biobank: none | Literature: sources=TEXTMINING_HUMAN; publications=2; weight=0.2
1636_C5392833,Acute Ischemic Stroke,C5392833,ACE,1636,ENSG00000159640,angiotensin I converting enzyme,protein-coding,0.2,0.1290322580645161,2,2021,2023,1,0.36,0.92,Human_text_mining_only,TRUE,FALSE,TRUE,0.35,46,Extended_PC_0.20_to_lt_0.30,TRUE,TRUE,TRUE,Conservative_sensitivity_only,,Below the primary raw-score threshold; do not merge into the strict set without labeling.,Total: 0.2 | Curated: sources=None; count=0; weight=0 | Clinical: sources=None; count=0; weight=0 | Inferred: sources=None; count=0; weight=0 | Models: sources=None; count=0; weight=0 | Biobank: none | Literature: sources=TEXTMINING_HUMAN; publications=2; weight=0.2
2182_C5392833,Acute Ischemic Stroke,C5392833,ACSL4,2182,ENSG00000068366,acyl-CoA synthetase long chain family member 4,protein-coding,0.2,0.1290322580645161,2,2025,2025,1,0.5,0.88,Human_text_mining_only,TRUE,FALSE,TRUE,0.65,4,Extended_PC_0.20_to_lt_0.30,TRUE,TRUE,TRUE,Conservative_sensitivity_only,,Below the primary raw-score threshold; do not merge into the strict set without labeling.,Total: 0.2 | Curated: sources=None; count=0; weight=0 | Clinical: sources=None; count=0; weight=0 | Inferred: sources=None; count=0; weight=0 | Models: sources=None; count=0; weight=0 | Biobank: none | Literature: sources=TEXTMINING_HUMAN; publications=2; weight=0.2
721_C5392833,Acute Ischemic Stroke,C5392833,C4B,721,ENSG00000224389,complement C4B (Chido/Rodgers blood group),protein-coding,0.2,0.1290322580645161,2,2008,2014,1,0.49,0.79,Human_text_mining_only,TRUE,FALSE,FALSE,,,Extended_PC_0.20_to_lt_0.30,TRUE,TRUE,TRUE,Conservative_sensitivity_only,,Below the primary raw-score threshold; do not merge into the strict set without labeling.,Total: 0.2 | Curated: sources=None; count=0; weight=0 | Clinical: sources=None; count=0; weight=0 | Inferred: sources=None; count=0; weight=0 | Models: sources=None; count=0; weight=0 | Biobank: none | Literature: sources=TEXTMINING_HUMAN; publications=2; weight=0.2
255082_C5392833,Acute Ischemic Stroke,C5392833,CASC2,255082,ENSG00000177640,cancer susceptibility 2,ncRNA,0.2,0.1290322580645161,2,2023,2025,1,0.56,0.79,Human_text_mining_only,TRUE,FALSE,FALSE,,,Extended_nonprotein_audit,FALSE,FALSE,FALSE,Noncoding_audit_only,,Non-protein-coding record; exclude from routine STRING protein PPI.,Total: 0.2 | Curated: sources=None; count=0; weight=0 | Clinical: sources=None; count=0; weight=0 | Inferred: sources=None; count=0; weight=0 | Models: sources=None; count=0; weight=0 | Biobank: none | Literature: sources=TEXTMINING_HUMAN; publications=2; weight=0.2
9332_C5392833,Acute Ischemic Stroke,C5392833,CD163,9332,ENSG00000177575,CD163 molecule,protein-coding,0.2,0.1290322580645161,2,2021,2024,1,0.39,0.92,Human_text_mining_only,TRUE,FALSE,TRUE,0.2,4,Extended_PC_0.20_to_lt_0.30,TRUE,TRUE,TRUE,Conservative_sensitivity_only,,Below the primary raw-score threshold; do not merge into the strict set without labeling.,Total: 0.2 | Curated: sources=None; count=0; weight=0 | Clinical: sources=None; count=0; weight=0 | Inferred: sources=None; count=0; weight=0 | Models: sources=None; count=0; weight=0 | Biobank: none | Literature: sources=TEXTMINING_HUMAN; publications=2; weight=0.2
947_C5392833,Acute Ischemic Stroke,C5392833,CD34,947,ENSG00000174059,CD34 molecule,protein-coding,0.2,0.1290322580645161,2,2014,2018,1,0.35,0.88,Human_text_mining_only,TRUE,FALSE,TRUE,0.3,8,Extended_PC_0.20_to_lt_0.30,TRUE,TRUE,TRUE,Conservative_sensitivity_only,,Below the primary raw-score threshold; do not merge into the strict set without labeling.,Total: 0.2 | Curated: sources=None; count=0; weight=0 | Clinical: sources=None; count=0; weight=0 | Inferred: sources=None; count=0; weight=0 | Models: sources=None; count=0; weight=0 | Biobank: none | Literature: sources=TEXTMINING_HUMAN; publications=2; weight=0.2
1191_C5392833,Acute Ischemic Stroke,C5392833,CLU,1191,ENSG00000120885,clusterin,protein-coding,0.2,0.1290322580645161,2,2001,2019,0.5,0.42,0.88,Human_text_mining_only,TRUE,FALSE,FALSE,,,Extended_PC_0.20_to_lt_0.30,TRUE,TRUE,FALSE,Human_literature_sensitivity_only,,Below the primary raw-score threshold; do not merge into the strict set without labeling.,Total: 0.2 | Curated: sources=None; count=0; weight=0 | Clinical: sources=None; count=0; weight=0 | Inferred: sources=None; count=0; weight=0 | Models: sources=None; count=0; weight=0 | Biobank: none | Literature: sources=TEXTMINING_HUMAN; publications=2; weight=0.2
1325_C5392833,Acute Ischemic Stroke,C5392833,CORT,1325,ENSG00000241563,cortistatin,protein-coding,0.2,0.1290322580645161,2,2021,2025,1,0.48,0.83,Human_text_mining_only,TRUE,FALSE,TRUE,0.2,2,Extended_PC_0.20_to_lt_0.30,TRUE,TRUE,TRUE,Conservative_sensitivity_only,,Below the primary raw-score threshold; do not merge into the strict set without labeling.,Total: 0.2 | Curated: sources=None; count=0; weight=0 | Clinical: sources=None; count=0; weight=0 | Inferred: sources=None; count=0; weight=0 | Models: sources=None; count=0; weight=0 | Biobank: none | Literature: sources=TEXTMINING_HUMAN; publications=2; weight=0.2
1437_C5392833,Acute Ischemic Stroke,C5392833,CSF2,1437,ENSG00000164400,colony stimulating factor 2,protein-coding,0.2,0.1290322580645161,2,2019,2023,1,0.36,0.92,Human_text_mining_only,TRUE,FALSE,TRUE,0.2,1,Extended_PC_0.20_to_lt_0.30,TRUE,TRUE,TRUE,Conservative_sensitivity_only,,Below the primary raw-score threshold; do not merge into the strict set without labeling.,Total: 0.2 | Curated: sources=None; count=0; weight=0 | Clinical: sources=None; count=0; weight=0 | Inferred: sources=None; count=0; weight=0 | Models: sources=None; count=0; weight=0 | Biobank: none | Literature: sources=TEXTMINING_HUMAN; publications=2; weight=0.2
3576_C5392833,Acute Ischemic Stroke,C5392833,CXCL8,3576,ENSG00000169429,C-X-C motif chemokine ligand 8,protein-coding,0.2,0.1290322580645161,2,2014,2021,1,0.3,0.96,Human_text_mining_only,TRUE,FALSE,TRUE,0.45,13,Extended_PC_0.20_to_lt_0.30,TRUE,TRUE,TRUE,Conservative_sensitivity_only,,Below the primary raw-score threshold; do not merge into the strict set without labeling.,Total: 0.2 | Curated: sources=None; count=0; weight=0 | Clinical: sources=None; count=0; weight=0 | Inferred: sources=None; count=0; weight=0 | Models: sources=None; count=0; weight=0 | Biobank: none | Literature: sources=TEXTMINING_HUMAN; publications=2; weight=0.2
22943_C5392833,Acute Ischemic Stroke,C5392833,DKK1,22943,ENSG00000107984,dickkopf Wnt signaling pathway inhibitor 1,protein-coding,0.2,0.1290322580645161,2,2011,2019,1,0.42,0.88,Human_text_mining_only,TRUE,FALSE,TRUE,0.2,4,Extended_PC_0.20_to_lt_0.30,TRUE,TRUE,TRUE,Conservative_sensitivity_only,,Below the primary raw-score threshold; do not merge into the strict set without labeling.,Total: 0.2 | Curated: sources=None; count=0; weight=0 | Clinical: sources=None; count=0; weight=0 | Inferred: sources=None; count=0; weight=0 | Models: sources=None; count=0; weight=0 | Biobank: none | Literature: sources=TEXTMINING_HUMAN; publications=2; weight=0.2
27122_C5392833,Acute Ischemic Stroke,C5392833,DKK3,27122,ENSG00000050165,dickkopf Wnt signaling pathway inhibitor 3,protein-coding,0.2,0.1290322580645161,2,2024,2025,1,0.5,0.88,Human_text_mining_only,TRUE,FALSE,TRUE,0.2,2,Extended_PC_0.20_to_lt_0.30,TRUE,TRUE,TRUE,Conservative_sensitivity_only,,Below the primary raw-score threshold; do not merge into the strict set without labeling.,Total: 0.2 | Curated: sources=None; count=0; weight=0 | Clinical: sources=None; count=0; weight=0 | Inferred: sources=None; count=0; weight=0 | Models: sources=None; count=0; weight=0 | Biobank: none | Literature: sources=TEXTMINING_HUMAN; publications=2; weight=0.2
1773_C5392833,Acute Ischemic Stroke,C5392833,DNASE1,1773,ENSG00000213918,deoxyribonuclease 1,protein-coding,0.2,0.1290322580645161,2,2017,2018,1,0.52,0.79,Human_text_mining_only,TRUE,FALSE,TRUE,0.3,2,Extended_PC_0.20_to_lt_0.30,TRUE,TRUE,TRUE,Conservative_sensitivity_only,,Below the primary raw-score threshold; do not merge into the strict set without labeling.,Total: 0.2 | Curated: sources=None; count=0; weight=0 | Clinical: sources=None; count=0; weight=0 | Inferred: sources=None; count=0; weight=0 | Models: sources=None; count=0; weight=0 | Biobank: none | Literature: sources=TEXTMINING_HUMAN; publications=2; weight=0.2
1788_C5392833,Acute Ischemic Stroke,C5392833,DNMT3A,1788,ENSG00000119772,DNA methyltransferase 3 alpha,protein-coding,0.2,0.1290322580645161,2,2023,2024,1,0.41,0.88,Human_text_mining_only,TRUE,FALSE,TRUE,0.1,1,Extended_PC_0.20_to_lt_0.30,TRUE,TRUE,TRUE,Conservative_sensitivity_only,,Below the primary raw-score threshold; do not merge into the strict set without labeling.,Total: 0.2 | Curated: sources=None; count=0; weight=0 | Clinical: sources=None; count=0; weight=0 | Inferred: sources=None; count=0; weight=0 | Models: sources=None; count=0; weight=0 | Biobank: none | Literature: sources=TEXTMINING_HUMAN; publications=2; weight=0.2
1803_C5392833,Acute Ischemic Stroke,C5392833,DPP4,1803,ENSG00000197635,dipeptidyl peptidase 4,protein-coding,0.2,0.1290322580645161,2,2017,2022,1,0.4,0.88,Human_text_mining_only,TRUE,FALSE,TRUE,0.2,1,Extended_PC_0.20_to_lt_0.30,TRUE,TRUE,TRUE,Conservative_sensitivity_only,,Below the primary raw-score threshold; do not merge into the strict set without labeling.,Total: 0.2 | Curated: sources=None; count=0; weight=0 | Clinical: sources=None; count=0; weight=0 | Inferred: sources=None; count=0; weight=0 | Models: sources=None; count=0; weight=0 | Biobank: none | Literature: sources=TEXTMINING_HUMAN; publications=2; weight=0.2
1906_C5392833,Acute Ischemic Stroke,C5392833,EDN1,1906,ENSG00000078401,endothelin 1,protein-coding,0.2,0.1290322580645161,2,2008,2008,1,0.37,0.92,Human_text_mining_only,TRUE,FALSE,TRUE,0.4,10,Extended_PC_0.20_to_lt_0.30,TRUE,TRUE,TRUE,Conservative_sensitivity_only,,Below the primary raw-score threshold; do not merge into the strict set without labeling.,Total: 0.2 | Curated: sources=None; count=0; weight=0 | Clinical: sources=None; count=0; weight=0 | Inferred: sources=None; count=0; weight=0 | Models: sources=None; count=0; weight=0 | Biobank: none | Literature: sources=TEXTMINING_HUMAN; publications=2; weight=0.2
375704_C5392833,Acute Ischemic Stroke,C5392833,ENHO,375704,ENSG00000168913,energy homeostasis associated,protein-coding,0.2,0.1290322580645161,2,2022,2023,1,0.57,0.83,Human_text_mining_only,TRUE,FALSE,TRUE,0.15,1,Extended_PC_0.20_to_lt_0.30,TRUE,TRUE,TRUE,Conservative_sensitivity_only,,Below the primary raw-score threshold; do not merge into the strict set without labeling.,Total: 0.2 | Curated: sources=None; count=0; weight=0 | Clinical: sources=None; count=0; weight=0 | Inferred: sources=None; count=0; weight=0 | Models: sources=None; count=0; weight=0 | Biobank: none | Literature: sources=TEXTMINING_HUMAN; publications=2; weight=0.2
2056_C5392833,Acute Ischemic Stroke,C5392833,EPO,2056,ENSG00000130427,erythropoietin,protein-coding,0.2,0.1290322580645161,2,2023,2025,1,0.4,0.88,Human_text_mining_only,TRUE,FALSE,TRUE,0.45,11,Extended_PC_0.20_to_lt_0.30,TRUE,TRUE,TRUE,Conservative_sensitivity_only,,Below the primary raw-score threshold; do not merge into the strict set without labeling.,Total: 0.2 | Curated: sources=None; count=0; weight=0 | Clinical: sources=None; count=0; weight=0 | Inferred: sources=None; count=0; weight=0 | Models: sources=None; count=0; weight=0 | Biobank: none | Literature: sources=TEXTMINING_HUMAN; publications=2; weight=0.2
2162_C5392833,Acute Ischemic Stroke,C5392833,F13A1,2162,ENSG00000124491,coagulation factor XIII A chain,protein-coding,0.2,0.1290322580645161,2,2021,2021,1,0.47,0.88,Human_text_mining_only,TRUE,FALSE,TRUE,0.3,11,Extended_PC_0.20_to_lt_0.30,TRUE,TRUE,TRUE,Conservative_sensitivity_only,,Below the primary raw-score threshold; do not merge into the strict set without labeling.,Total: 0.2 | Curated: sources=None; count=0; weight=0 | Clinical: sources=None; count=0; weight=0 | Inferred: sources=None; count=0; weight=0 | Models: sources=None; count=0; weight=0 | Biobank: none | Literature: sources=TEXTMINING_HUMAN; publications=2; weight=0.2
2247_C5392833,Acute Ischemic Stroke,C5392833,FGF2,2247,ENSG00000138685,fibroblast growth factor 2,protein-coding,0.2,0.1290322580645161,2,2019,2022,1,0.35,0.88,Human_text_mining_only,TRUE,FALSE,TRUE,0.35,3,Extended_PC_0.20_to_lt_0.30,TRUE,TRUE,TRUE,Conservative_sensitivity_only,,Below the primary raw-score threshold; do not merge into the strict set without labeling.,Total: 0.2 | Curated: sources=None; count=0; weight=0 | Clinical: sources=None; count=0; weight=0 | Inferred: sources=None; count=0; weight=0 | Models: sources=None; count=0; weight=0 | Biobank: none | Literature: sources=TEXTMINING_HUMAN; publications=2; weight=0.2
2335_C5392833,Acute Ischemic Stroke,C5392833,FN1,2335,ENSG00000115414,fibronectin 1,protein-coding,0.2,0.1290322580645161,2,2007,2026,1,0.38,0.88,Human_text_mining_only,TRUE,FALSE,FALSE,,,Extended_PC_0.20_to_lt_0.30,TRUE,TRUE,TRUE,Conservative_sensitivity_only,,Below the primary raw-score threshold; do not merge into the strict set without labeling.,Total: 0.2 | Curated: sources=None; count=0; weight=0 | Clinical: sources=None; count=0; weight=0 | Inferred: sources=None; count=0; weight=0 | Models: sources=None; count=0; weight=0 | Biobank: none | Literature: sources=TEXTMINING_HUMAN; publications=2; weight=0.2
9518_C5392833,Acute Ischemic Stroke,C5392833,GDF15,9518,ENSG00000130513,growth differentiation factor 15,protein-coding,0.2,0.1290322580645161,2,2019,2019,1,0.39,0.92,Human_text_mining_only,TRUE,FALSE,TRUE,0.3,13,Extended_PC_0.20_to_lt_0.30,TRUE,TRUE,TRUE,Conservative_sensitivity_only,,Below the primary raw-score threshold; do not merge into the strict set without labeling.,Total: 0.2 | Curated: sources=None; count=0; weight=0 | Clinical: sources=None; count=0; weight=0 | Inferred: sources=None; count=0; weight=0 | Models: sources=None; count=0; weight=0 | Biobank: none | Literature: sources=TEXTMINING_HUMAN; publications=2; weight=0.2
2811_C5392833,Acute Ischemic Stroke,C5392833,GP1BA,2811,ENSG00000185245,glycoprotein Ib platelet subunit alpha,protein-coding,0.2,0.1290322580645161,2,2013,2015,0.5,0.52,0.83,Human_text_mining_only,TRUE,FALSE,TRUE,0.25,7,Extended_PC_0.20_to_lt_0.30,TRUE,TRUE,FALSE,Human_literature_sensitivity_only,,Below the primary raw-score threshold; do not merge into the strict set without labeling.,Total: 0.2 | Curated: sources=None; count=0; weight=0 | Clinical: sources=None; count=0; weight=0 | Inferred: sources=None; count=0; weight=0 | Models: sources=None; count=0; weight=0 | Biobank: none | Literature: sources=TEXTMINING_HUMAN; publications=2; weight=0.2
2823_C5392833,Acute Ischemic Stroke,C5392833,GPM6A,2823,ENSG00000150625,glycoprotein M6A,protein-coding,0.2,0.1290322580645161,2,2025,2026,1,0.41,0.88,Human_text_mining_only,TRUE,FALSE,TRUE,0.35,14,Extended_PC_0.20_to_lt_0.30,TRUE,TRUE,TRUE,Conservative_sensitivity_only,,Below the primary raw-score threshold; do not merge into the strict set without labeling.,Total: 0.2 | Curated: sources=None; count=0; weight=0 | Clinical: sources=None; count=0; weight=0 | Inferred: sources=None; count=0; weight=0 | Models: sources=None; count=0; weight=0 | Biobank: none | Literature: sources=TEXTMINING_HUMAN; publications=2; weight=0.2
79792_C5392833,Acute Ischemic Stroke,C5392833,GSDMD,79792,ENSG00000104518,gasdermin D,protein-coding,0.2,0.1290322580645161,2,2020,2025,1,0.47,0.88,Human_text_mining_only,TRUE,FALSE,TRUE,0.2,3,Extended_PC_0.20_to_lt_0.30,TRUE,TRUE,TRUE,Conservative_sensitivity_only,,Below the primary raw-score threshold; do not merge into the strict set without labeling.,Total: 0.2 | Curated: sources=None; count=0; weight=0 | Clinical: sources=None; count=0; weight=0 | Inferred: sources=None; count=0; weight=0 | Models: sources=None; count=0; weight=0 | Biobank: none | Literature: sources=TEXTMINING_HUMAN; publications=2; weight=0.2
3082_C5392833,Acute Ischemic Stroke,C5392833,HGF,3082,ENSG00000019991,hepatocyte growth factor,protein-coding,0.2,0.1290322580645161,2,2018,2021,1,0.37,0.92,Human_text_mining_only,TRUE,FALSE,TRUE,0.35,7,Extended_PC_0.20_to_lt_0.30,TRUE,TRUE,TRUE,Conservative_sensitivity_only,,Below the primary raw-score threshold; do not merge into the strict set without labeling.,Total: 0.2 | Curated: sources=None; count=0; weight=0 | Clinical: sources=None; count=0; weight=0 | Inferred: sources=None; count=0; weight=0 | Models: sources=None; count=0; weight=0 | Biobank: none | Literature: sources=TEXTMINING_HUMAN; publications=2; weight=0.2
10855_C5392833,Acute Ischemic Stroke,C5392833,HPSE,10855,ENSG00000173083,heparanase,protein-coding,0.2,0.1290322580645161,2,2000,2000,0,0.46,0.83,Human_text_mining_only,TRUE,FALSE,TRUE,0.1,1,Extended_PC_0.20_to_lt_0.30,TRUE,TRUE,FALSE,Human_literature_sensitivity_only,,Below the primary raw-score threshold; do not merge into the strict set without labeling.,Total: 0.2 | Curated: sources=None; count=0; weight=0 | Clinical: sources=None; count=0; weight=0 | Inferred: sources=None; count=0; weight=0 | Models: sources=None; count=0; weight=0 | Biobank: none | Literature: sources=TEXTMINING_HUMAN; publications=2; weight=0.2
6453_C5392833,Acute Ischemic Stroke,C5392833,ITSN1,6453,ENSG00000205726,intersectin 1,protein-coding,0.2,0.1290322580645161,2,2020,2022,1,0.59,0.75,Human_text_mining_only,TRUE,FALSE,FALSE,,,Extended_PC_0.20_to_lt_0.30,TRUE,TRUE,TRUE,Conservative_sensitivity_only,,Below the primary raw-score threshold; do not merge into the strict set without labeling.,Total: 0.2 | Curated: sources=None; count=0; weight=0 | Clinical: sources=None; count=0; weight=0 | Inferred: sources=None; count=0; weight=0 | Models: sources=None; count=0; weight=0 | Biobank: none | Literature: sources=TEXTMINING_HUMAN; publications=2; weight=0.2
9365_C5392833,Acute Ischemic Stroke,C5392833,KL,9365,ENSG00000133116,klotho,protein-coding,0.2,0.1290322580645161,2,2019,2019,1,0.43,0.92,Human_text_mining_only,TRUE,FALSE,TRUE,0.25,6,Extended_PC_0.20_to_lt_0.30,TRUE,TRUE,TRUE,Conservative_sensitivity_only,,Below the primary raw-score threshold; do not merge into the strict set without labeling.,Total: 0.2 | Curated: sources=None; count=0; weight=0 | Clinical: sources=None; count=0; weight=0 | Inferred: sources=None; count=0; weight=0 | Models: sources=None; count=0; weight=0 | Biobank: none | Literature: sources=TEXTMINING_HUMAN; publications=2; weight=0.2
3816_C5392833,Acute Ischemic Stroke,C5392833,KLK1,3816,ENSG00000167748,kallikrein 1,protein-coding,0.2,0.1290322580645161,2,2019,2019,1,0.48,0.88,Human_text_mining_only,TRUE,FALSE,TRUE,0.3,4,Extended_PC_0.20_to_lt_0.30,TRUE,TRUE,TRUE,Conservative_sensitivity_only,,Below the primary raw-score threshold; do not merge into the strict set without labeling.,Total: 0.2 | Curated: sources=None; count=0; weight=0 | Clinical: sources=None; count=0; weight=0 | Inferred: sources=None; count=0; weight=0 | Models: sources=None; count=0; weight=0 | Biobank: none | Literature: sources=TEXTMINING_HUMAN; publications=2; weight=0.2
9622_C5392833,Acute Ischemic Stroke,C5392833,KLK4,9622,ENSG00000167749,kallikrein related peptidase 4,protein-coding,0.2,0.1290322580645161,2,2006,2019,1,0.48,0.83,Human_text_mining_only,TRUE,FALSE,TRUE,0.35,6,Extended_PC_0.20_to_lt_0.30,TRUE,TRUE,TRUE,Conservative_sensitivity_only,,Below the primary raw-score threshold; do not merge into the strict set without labeling.,Total: 0.2 | Curated: sources=None; count=0; weight=0 | Clinical: sources=None; count=0; weight=0 | Inferred: sources=None; count=0; weight=0 | Models: sources=None; count=0; weight=0 | Biobank: none | Literature: sources=TEXTMINING_HUMAN; publications=2; weight=0.2
4170_C5392833,Acute Ischemic Stroke,C5392833,MCL1,4170,ENSG00000143384,"MCL1 apoptosis regulator, BCL2 family member",protein-coding,0.2,0.1290322580645161,2,2020,2022,1,0.43,0.83,Human_text_mining_only,TRUE,FALSE,TRUE,0.25,4,Extended_PC_0.20_to_lt_0.30,TRUE,TRUE,TRUE,Conservative_sensitivity_only,,Below the primary raw-score threshold; do not merge into the strict set without labeling.,Total: 0.2 | Curated: sources=None; count=0; weight=0 | Clinical: sources=None; count=0; weight=0 | Inferred: sources=None; count=0; weight=0 | Models: sources=None; count=0; weight=0 | Biobank: none | Literature: sources=TEXTMINING_HUMAN; publications=2; weight=0.2
56339_C5392833,Acute Ischemic Stroke,C5392833,METTL3,56339,ENSG00000165819,"methyltransferase 3, N6-adenosine-methyltransferase complex catalytic subunit",protein-coding,0.2,0.1290322580645161,2,2025,2026,1,0.4,0.88,Human_text_mining_only,TRUE,FALSE,TRUE,0.35,14,Extended_PC_0.20_to_lt_0.30,TRUE,TRUE,TRUE,Conservative_sensitivity_only,,Below the primary raw-score threshold; do not merge into the strict set without labeling.,Total: 0.2 | Curated: sources=None; count=0; weight=0 | Clinical: sources=None; count=0; weight=0 | Inferred: sources=None; count=0; weight=0 | Models: sources=None; count=0; weight=0 | Biobank: none | Literature: sources=TEXTMINING_HUMAN; publications=2; weight=0.2
406910_C5392833,Acute Ischemic Stroke,C5392833,MIR125A,406910,ENSG00000208008,microRNA 125a,ncRNA,0.2,0.1290322580645161,2,2020,2026,1,0.49,0.88,Human_text_mining_only,TRUE,FALSE,TRUE,0.1,1,Extended_nonprotein_audit,FALSE,FALSE,FALSE,Noncoding_audit_only,,Non-protein-coding record; exclude from routine STRING protein PPI.,Total: 0.2 | Curated: sources=None; count=0; weight=0 | Clinical: sources=None; count=0; weight=0 | Inferred: sources=None; count=0; weight=0 | Models: sources=None; count=0; weight=0 | Biobank: none | Literature: sources=TEXTMINING_HUMAN; publications=2; weight=0.2
406913_C5392833,Acute Ischemic Stroke,C5392833,MIR126,406913,ENSG00000199161,microRNA 126,ncRNA,0.2,0.1290322580645161,2,2017,2018,1,0.45,0.88,Human_text_mining_only,TRUE,FALSE,TRUE,0.25,5,Extended_nonprotein_audit,FALSE,FALSE,FALSE,Noncoding_audit_only,,Non-protein-coding record; exclude from routine STRING protein PPI.,Total: 0.2 | Curated: sources=None; count=0; weight=0 | Clinical: sources=None; count=0; weight=0 | Inferred: sources=None; count=0; weight=0 | Models: sources=None; count=0; weight=0 | Biobank: none | Literature: sources=TEXTMINING_HUMAN; publications=2; weight=0.2
406919_C5392833,Acute Ischemic Stroke,C5392833,MIR130A,406919,ENSG00000208009,microRNA 130a,ncRNA,0.2,0.1290322580645161,2,2017,2018,1,0.51,0.83,Human_text_mining_only,TRUE,FALSE,TRUE,0.1,1,Extended_nonprotein_audit,FALSE,FALSE,FALSE,Noncoding_audit_only,,Non-protein-coding record; exclude from routine STRING protein PPI.,Total: 0.2 | Curated: sources=None; count=0; weight=0 | Clinical: sources=None; count=0; weight=0 | Inferred: sources=None; count=0; weight=0 | Models: sources=None; count=0; weight=0 | Biobank: none | Literature: sources=TEXTMINING_HUMAN; publications=2; weight=0.2
406989_C5392833,Acute Ischemic Stroke,C5392833,MIR206,406989,ENSG00000207604,microRNA 206,ncRNA,0.2,0.1290322580645161,2,2017,2022,1,0.49,0.88,Human_text_mining_only,TRUE,FALSE,TRUE,0.2,2,Extended_nonprotein_audit,FALSE,FALSE,FALSE,Noncoding_audit_only,,Non-protein-coding record; exclude from routine STRING protein PPI.,Total: 0.2 | Curated: sources=None; count=0; weight=0 | Clinical: sources=None; count=0; weight=0 | Inferred: sources=None; count=0; weight=0 | Models: sources=None; count=0; weight=0 | Biobank: none | Literature: sources=TEXTMINING_HUMAN; publications=2; weight=0.2
407001_C5392833,Acute Ischemic Stroke,C5392833,MIR218-2,407001,ENSG00000207739,microRNA 218-2,ncRNA,0.2,0.1290322580645161,2,2017,2018,1,0.53,0.88,Human_text_mining_only,TRUE,FALSE,TRUE,0.1,1,Extended_nonprotein_audit,FALSE,FALSE,FALSE,Noncoding_audit_only,,Non-protein-coding record; exclude from routine STRING protein PPI.,Total: 0.2 | Curated: sources=None; count=0; weight=0 | Clinical: sources=None; count=0; weight=0 | Inferred: sources=None; count=0; weight=0 | Models: sources=None; count=0; weight=0 | Biobank: none | Literature: sources=TEXTMINING_HUMAN; publications=2; weight=0.2
407007_C5392833,Acute Ischemic Stroke,C5392833,MIR222,407007,ENSG00000207725,microRNA 222,ncRNA,0.2,0.1290322580645161,2,2017,2018,1,0.48,0.83,Human_text_mining_only,TRUE,FALSE,FALSE,,,Extended_nonprotein_audit,FALSE,FALSE,FALSE,Noncoding_audit_only,,Non-protein-coding record; exclude from routine STRING protein PPI.,Total: 0.2 | Curated: sources=None; count=0; weight=0 | Clinical: sources=None; count=0; weight=0 | Inferred: sources=None; count=0; weight=0 | Models: sources=None; count=0; weight=0 | Biobank: none | Literature: sources=TEXTMINING_HUMAN; publications=2; weight=0.2
4312_C5392833,Acute Ischemic Stroke,C5392833,MMP1,4312,ENSG00000196611,matrix metallopeptidase 1,protein-coding,0.2,0.1290322580645161,2,2021,2023,1,0.36,0.88,Human_text_mining_only,TRUE,FALSE,TRUE,0.45,13,Extended_PC_0.20_to_lt_0.30,TRUE,TRUE,TRUE,Conservative_sensitivity_only,,Below the primary raw-score threshold; do not merge into the strict set without labeling.,Total: 0.2 | Curated: sources=None; count=0; weight=0 | Clinical: sources=None; count=0; weight=0 | Inferred: sources=None; count=0; weight=0 | Models: sources=None; count=0; weight=0 | Biobank: none | Literature: sources=TEXTMINING_HUMAN; publications=2; weight=0.2
10135_C5392833,Acute Ischemic Stroke,C5392833,NAMPT,10135,ENSG00000105835,nicotinamide phosphoribosyltransferase,protein-coding,0.2,0.1290322580645161,2,2014,2024,1,0.43,0.83,Human_text_mining_only,TRUE,FALSE,TRUE,0.25,5,Extended_PC_0.20_to_lt_0.30,TRUE,TRUE,TRUE,Conservative_sensitivity_only,,Below the primary raw-score threshold; do not merge into the strict set without labeling.,Total: 0.2 | Curated: sources=None; count=0; weight=0 | Clinical: sources=None; count=0; weight=0 | Inferred: sources=None; count=0; weight=0 | Models: sources=None; count=0; weight=0 | Biobank: none | Literature: sources=TEXTMINING_HUMAN; publications=2; weight=0.2
283131_C5392833,Acute Ischemic Stroke,C5392833,NEAT1,283131,ENSG00000245532,nuclear paraspeckle assembly transcript 1,ncRNA,0.2,0.1290322580645161,2,2020,2022,1,0.45,0.88,Human_text_mining_only,TRUE,FALSE,TRUE,0.2,6,Extended_nonprotein_audit,FALSE,FALSE,FALSE,Noncoding_audit_only,,Non-protein-coding record; exclude from routine STRING protein PPI.,Total: 0.2 | Curated: sources=None; count=0; weight=0 | Clinical: sources=None; count=0; weight=0 | Inferred: sources=None; count=0; weight=0 | Models: sources=None; count=0; weight=0 | Biobank: none | Literature: sources=TEXTMINING_HUMAN; publications=2; weight=0.2
142_C5392833,Acute Ischemic Stroke,C5392833,PARP1,142,ENSG00000143799,poly(ADP-ribose) polymerase 1,protein-coding,0.2,0.1290322580645161,2,2020,2023,1,0.39,0.88,Human_text_mining_only,TRUE,FALSE,TRUE,0.25,7,Extended_PC_0.20_to_lt_0.30,TRUE,TRUE,TRUE,Conservative_sensitivity_only,,Below the primary raw-score threshold; do not merge into the strict set without labeling.,Total: 0.2 | Curated: sources=None; count=0; weight=0 | Clinical: sources=None; count=0; weight=0 | Inferred: sources=None; count=0; weight=0 | Models: sources=None; count=0; weight=0 | Biobank: none | Literature: sources=TEXTMINING_HUMAN; publications=2; weight=0.2
8842_C5392833,Acute Ischemic Stroke,C5392833,PROM1,8842,ENSG00000007062,prominin 1,protein-coding,0.2,0.1290322580645161,2,2018,2019,1,0.41,0.92,Human_text_mining_only,TRUE,FALSE,TRUE,0.2,3,Extended_PC_0.20_to_lt_0.30,TRUE,TRUE,TRUE,Conservative_sensitivity_only,,Below the primary raw-score threshold; do not merge into the strict set without labeling.,Total: 0.2 | Curated: sources=None; count=0; weight=0 | Clinical: sources=None; count=0; weight=0 | Inferred: sources=None; count=0; weight=0 | Models: sources=None; count=0; weight=0 | Biobank: none | Literature: sources=TEXTMINING_HUMAN; publications=2; weight=0.2
56729_C5392833,Acute Ischemic Stroke,C5392833,RETN,56729,ENSG00000104918,resistin,protein-coding,0.2,0.1290322580645161,2,2018,2019,1,0.43,0.92,Human_text_mining_only,TRUE,FALSE,TRUE,0.35,9,Extended_PC_0.20_to_lt_0.30,TRUE,TRUE,TRUE,Conservative_sensitivity_only,,Below the primary raw-score threshold; do not merge into the strict set without labeling.,Total: 0.2 | Curated: sources=None; count=0; weight=0 | Clinical: sources=None; count=0; weight=0 | Inferred: sources=None; count=0; weight=0 | Models: sources=None; count=0; weight=0 | Biobank: none | Literature: sources=TEXTMINING_HUMAN; publications=2; weight=0.2
9475_C5392833,Acute Ischemic Stroke,C5392833,ROCK2,9475,ENSG00000134318,Rho associated coiled-coil containing protein kinase 2,protein-coding,0.2,0.1290322580645161,2,2014,2019,1,0.44,0.88,Human_text_mining_only,TRUE,FALSE,TRUE,0.25,7,Extended_PC_0.20_to_lt_0.30,TRUE,TRUE,TRUE,Conservative_sensitivity_only,,Below the primary raw-score threshold; do not merge into the strict set without labeling.,Total: 0.2 | Curated: sources=None; count=0; weight=0 | Clinical: sources=None; count=0; weight=0 | Inferred: sources=None; count=0; weight=0 | Models: sources=None; count=0; weight=0 | Biobank: none | Literature: sources=TEXTMINING_HUMAN; publications=2; weight=0.2
6382_C5392833,Acute Ischemic Stroke,C5392833,SDC1,6382,ENSG00000115884,syndecan 1,protein-coding,0.2,0.1290322580645161,2,2022,2024,1,0.41,0.88,Human_text_mining_only,TRUE,FALSE,TRUE,0.2,1,Extended_PC_0.20_to_lt_0.30,TRUE,TRUE,TRUE,Conservative_sensitivity_only,,Below the primary raw-score threshold; do not merge into the strict set without labeling.,Total: 0.2 | Curated: sources=None; count=0; weight=0 | Clinical: sources=None; count=0; weight=0 | Inferred: sources=None; count=0; weight=0 | Models: sources=None; count=0; weight=0 | Biobank: none | Literature: sources=TEXTMINING_HUMAN; publications=2; weight=0.2
6622_C5392833,Acute Ischemic Stroke,C5392833,SNCA,6622,ENSG00000145335,synuclein alpha,protein-coding,0.2,0.1290322580645161,2,2019,2024,0.5,0.42,0.88,Human_text_mining_only,TRUE,FALSE,TRUE,0.25,6,Extended_PC_0.20_to_lt_0.30,TRUE,TRUE,FALSE,Human_literature_sensitivity_only,,Below the primary raw-score threshold; do not merge into the strict set without labeling.,Total: 0.2 | Curated: sources=None; count=0; weight=0 | Clinical: sources=None; count=0; weight=0 | Inferred: sources=None; count=0; weight=0 | Models: sources=None; count=0; weight=0 | Biobank: none | Literature: sources=TEXTMINING_HUMAN; publications=2; weight=0.2
104472715_C5392833,Acute Ischemic Stroke,C5392833,SNHG14,104472715,,small nucleolar RNA host gene 14,ncRNA,0.2,0.1290322580645161,2,2023,2025,1,0.57,0.83,Human_text_mining_only,TRUE,FALSE,FALSE,,,Extended_nonprotein_audit,FALSE,FALSE,FALSE,Noncoding_audit_only,,Non-protein-coding record; exclude from routine STRING protein PPI.,Total: 0.2 | Curated: sources=None; count=0; weight=0 | Clinical: sources=None; count=0; weight=0 | Inferred: sources=None; count=0; weight=0 | Models: sources=None; count=0; weight=0 | Biobank: none | Literature: sources=TEXTMINING_HUMAN; publications=2; weight=0.2
6752_C5392833,Acute Ischemic Stroke,C5392833,SSTR2,6752,ENSG00000180616,somatostatin receptor 2,protein-coding,0.2,0.1290322580645161,2,2021,2025,1,0.44,0.88,Human_text_mining_only,TRUE,FALSE,TRUE,0.2,2,Extended_PC_0.20_to_lt_0.30,TRUE,TRUE,TRUE,Conservative_sensitivity_only,,Below the primary raw-score threshold; do not merge into the strict set without labeling.,Total: 0.2 | Curated: sources=None; count=0; weight=0 | Clinical: sources=None; count=0; weight=0 | Inferred: sources=None; count=0; weight=0 | Models: sources=None; count=0; weight=0 | Biobank: none | Literature: sources=TEXTMINING_HUMAN; publications=2; weight=0.2
7056_C5392833,Acute Ischemic Stroke,C5392833,THBD,7056,ENSG00000178726,thrombomodulin,protein-coding,0.2,0.1290322580645161,2,2018,2020,1,0.42,0.83,Human_text_mining_only,TRUE,FALSE,TRUE,0.25,7,Extended_PC_0.20_to_lt_0.30,TRUE,TRUE,TRUE,Conservative_sensitivity_only,,Below the primary raw-score threshold; do not merge into the strict set without labeling.,Total: 0.2 | Curated: sources=None; count=0; weight=0 | Clinical: sources=None; count=0; weight=0 | Inferred: sources=None; count=0; weight=0 | Models: sources=None; count=0; weight=0 | Biobank: none | Literature: sources=TEXTMINING_HUMAN; publications=2; weight=0.2
7057_C5392833,Acute Ischemic Stroke,C5392833,THBS1,7057,ENSG00000137801,thrombospondin 1,protein-coding,0.2,0.1290322580645161,2,2011,2021,1,0.4,0.88,Human_text_mining_only,TRUE,FALSE,TRUE,0.25,7,Extended_PC_0.20_to_lt_0.30,TRUE,TRUE,TRUE,Conservative_sensitivity_only,,Below the primary raw-score threshold; do not merge into the strict set without labeling.,Total: 0.2 | Curated: sources=None; count=0; weight=0 | Clinical: sources=None; count=0; weight=0 | Inferred: sources=None; count=0; weight=0 | Models: sources=None; count=0; weight=0 | Biobank: none | Literature: sources=TEXTMINING_HUMAN; publications=2; weight=0.2
8743_C5392833,Acute Ischemic Stroke,C5392833,TNFSF10,8743,ENSG00000121858,TNF superfamily member 10,protein-coding,0.2,0.1290322580645161,2,2015,2022,1,0.43,0.83,Human_text_mining_only,TRUE,FALSE,TRUE,0.3,2,Extended_PC_0.20_to_lt_0.30,TRUE,TRUE,TRUE,Conservative_sensitivity_only,,Below the primary raw-score threshold; do not merge into the strict set without labeling.,Total: 0.2 | Curated: sources=None; count=0; weight=0 | Clinical: sources=None; count=0; weight=0 | Inferred: sources=None; count=0; weight=0 | Models: sources=None; count=0; weight=0 | Biobank: none | Literature: sources=TEXTMINING_HUMAN; publications=2; weight=0.2
54210_C5392833,Acute Ischemic Stroke,C5392833,TREM1,54210,ENSG00000124731,triggering receptor expressed on myeloid cells 1,protein-coding,0.2,0.1290322580645161,2,2021,2024,1,0.48,0.88,Human_text_mining_only,TRUE,FALSE,TRUE,0.25,6,Extended_PC_0.20_to_lt_0.30,TRUE,TRUE,TRUE,Conservative_sensitivity_only,,Below the primary raw-score threshold; do not merge into the strict set without labeling.,Total: 0.2 | Curated: sources=None; count=0; weight=0 | Clinical: sources=None; count=0; weight=0 | Inferred: sources=None; count=0; weight=0 | Models: sources=None; count=0; weight=0 | Biobank: none | Literature: sources=TEXTMINING_HUMAN; publications=2; weight=0.2
340205_C5392833,Acute Ischemic Stroke,C5392833,TREML1,340205,ENSG00000161911,triggering receptor expressed on myeloid cells like 1,protein-coding,0.2,0.1290322580645161,2,2020,2024,1,0.52,0.79,Human_text_mining_only,TRUE,FALSE,FALSE,,,Extended_PC_0.20_to_lt_0.30,TRUE,TRUE,TRUE,Conservative_sensitivity_only,,Below the primary raw-score threshold; do not merge into the strict set without labeling.,Total: 0.2 | Curated: sources=None; count=0; weight=0 | Clinical: sources=None; count=0; weight=0 | Inferred: sources=None; count=0; weight=0 | Models: sources=None; count=0; weight=0 | Biobank: none | Literature: sources=TEXTMINING_HUMAN; publications=2; weight=0.2
