MIM_Raw,Title,Comparison_Status,Old_Rank_200_export,New_Rank_1000_export,Rank_Shift_New_Minus_Old,Field_Values_Changed
*107741,APOLIPOPROTEIN E; APOE,Shared,1,1,0,false
*612839,TET METHYLCYTOSINE DIOXYGENASE 2; TET2,Shared,2,2,0,false
#249270,THIAMINE-RESPONSIVE MEGALOBLASTIC ANEMIA SYNDROME; TRMA,Shared,3,3,0,false
#601367,"STROKE, ISCHEMIC",Shared,4,4,0,false
606519,PHACE ASSOCIATION,Shared,5,5,0,false
#208050,ARTERIAL TORTUOSITY SYNDROME; ATORS,Shared,6,6,0,false
*600308,AQUAPORIN 4; AQP4,Shared,7,7,0,false
#258660,"NONARTERITIC ANTERIOR ISCHEMIC OPTIC NEUROPATHY, SUSCEPTIBILITY TO; NAION",Shared,8,8,0,false
%613065,"LEUKEMIA, ACUTE LYMPHOBLASTIC; ALL",Shared,9,9,0,false
#615688,"VASCULITIS, AUTOINFLAMMATION, IMMUNODEFICIENCY, AND HEMATOLOGIC DEFECTS SYNDROME; VAIHS",Shared,10,10,0,false
#601626,"LEUKEMIA, ACUTE MYELOID; AML",Shared,11,11,0,false
*106180,ANGIOTENSIN I-CONVERTING ENZYME; ACE,Shared,12,12,0,false
#125310,"CEREBRAL ARTERIOPATHY, AUTOSOMAL DOMINANT, WITH SUBCORTICAL INFARCTS AND LEUKOENCEPHALOPATHY, TYPE 1; CADASIL1",Shared,13,13,0,false
#608805,"AVASCULAR NECROSIS OF FEMORAL HEAD, PRIMARY, 1; ANFH1",Shared,14,14,0,false
*612276,YRDC DOMAIN-CONTAINING PROTEIN; YRDC,Shared,15,15,0,false
#614519,"HEMORRHAGE, INTRACEREBRAL, SUSCEPTIBILITY TO; ICH",Shared,16,16,0,false
#540000,"MITOCHONDRIAL MYOPATHY, ENCEPHALOPATHY, LACTIC ACIDOSIS, AND STROKE-LIKE EPISODES; MELAS",Shared,17,17,0,false
%606799,"STROKE, SUSCEPTIBILITY TO, 1",Shared,18,18,0,false
#176000,"PORPHYRIA, ACUTE INTERMITTENT; AIP",Shared,19,19,0,false
#268200,"MYOGLOBINURIA, ACUTE RECURRENT, AUTOSOMAL RECESSIVE",Shared,21,20,-1,false
#608033,"ENCEPHALOPATHY, ACUTE, INFECTION-INDUCED, SUSCEPTIBILITY TO, 3; IIAE3",Shared,22,21,-1,false
#612376,ACUTE PROMYELOCYTIC LEUKEMIA; APL,Shared,20,22,2,false
#620461,"ENCEPHALITIS, ACUTE, INFECTION-INDUCED, SUSCEPTIBILITY TO, 12; IIAE12",Shared,23,23,0,false
%613067,"LEUKEMIA, ACUTE LYMPHOBLASTIC, SUSCEPTIBILITY TO, 2; ALL2",Shared,24,24,0,false
*603350,"2-PRIME,5-PRIME-OLIGOADENYLATE SYNTHETASE 2; OAS2",Shared,25,25,0,false
#612336,"THROMBOPHILIA DUE TO PROTEIN S DEFICIENCY, AUTOSOMAL DOMINANT; THPH5",Shared,26,26,0,false
*607575,ADENOSINE DEAMINASE 2; ADA2,Shared,27,27,0,false
*600276,NOTCH RECEPTOR 3; NOTCH3,Shared,28,28,0,false
*163729,NITRIC OXIDE SYNTHASE 3; NOS3,Shared,29,29,0,false
*133170,ERYTHROPOIETIN; EPO,Shared,30,30,0,false
#606054,PROPIONIC ACIDEMIA,Shared,31,31,0,false
#175780,BRAIN SMALL VESSEL DISEASE 1 WITH OR WITHOUT OCULAR ANOMALIES; BSVD1,Shared,32,32,0,false
#603903,SICKLE CELL DISEASE,Shared,33,33,0,false
*176930,COAGULATION FACTOR II; F2,Shared,34,34,0,false
*102620,"ACTIN, ALPHA-2, SMOOTH MUSCLE, AORTA; ACTA2",Shared,35,35,0,false
#621313,BRAIN SMALL VESSEL DISEASE 4; BSVD4,Shared,36,36,0,false
#600142,"CEREBRAL ARTERIOPATHY, AUTOSOMAL RECESSIVE, WITH SUBCORTICAL INFARCTS AND LEUKOENCEPHALOPATHY 2; CARASIL2",Shared,37,37,0,false
#236200,HOMOCYSTINURIA DUE TO CYSTATHIONINE BETA-SYNTHASE DEFICIENCY,Shared,38,38,0,false
#621394,BRAIN SMALL VESSEL DISEASE 6 WITH LEUKOENCEPHALOPATHY; BSVD6,Shared,39,39,0,false
#605714,"CEREBRAL AMYLOID ANGIOPATHY, APP-RELATED",Shared,40,40,0,false
*600300,"SOLUTE CARRIER FAMILY 1 (GLIAL HIGH AFFINITY GLUTAMATE TRANSPORTER), MEMBER 2; SLC1A2",Shared,41,41,0,false
#613834,SMOOTH MUSCLE DYSFUNCTION SYNDROME; SMDYS,Shared,42,42,0,false
#610251,"ALCOHOL SENSITIVITY, ACUTE",Shared,59,43,-16,false
#612740,"PORPHYRIA, ACUTE HEPATIC",Shared,45,44,-1,false
#613002,"IMMUNODEFICIENCY 83, SUSCEPTIBILITY TO VIRAL INFECTIONS; IMD83",Shared,46,45,-1,false
#614212,"ENCEPHALOPATHY, ACUTE, INFECTION-INDUCED, SUSCEPTIBILITY TO, 4; IIAE4",Shared,48,46,-2,false
#614849,IMMUNODEFICIENCY 132A; IMD132A,Shared,49,47,-2,false
#614850,"ENCEPHALOPATHY, ACUTE, INFECTION-INDUCED (HERPES-SPECIFIC), SUSCEPTIBILITY TO, 6; IIAE6",Shared,50,48,-2,false
#616532,"ENCEPHALOPATHY, ACUTE, INFECTION-INDUCED (HERPES-SPECIFIC), SUSCEPTIBILITY TO, 7; IIAE7",Shared,53,49,-4,false
#616719,"SPINOCEREBELLAR ATAXIA, AUTOSOMAL RECESSIVE 21; SCAR21",Shared,54,50,-4,false
#617900,"ENCEPHALOPATHY, ACUTE, INFECTION-INDUCED (HERPES-SPECIFIC), SUSCEPTIBILITY TO, 8; IIAE8",Shared,51,51,0,false
#618384,"LEUKOENCEPHALOPATHY, ACUTE REVERSIBLE, WITH INCREASED URINARY ALPHA-KETOGLUTARATE; ARLIAK",Shared,60,52,-8,false
#618426,"ENCEPHALOPATHY, ACUTE, INFECTION-INDUCED, SUSCEPTIBILITY TO, 9; IIAE9",Shared,61,53,-8,false
#133180,"ERYTHROLEUKEMIA, FAMILIAL, SUSCEPTIBILITY TO; FERLK",Shared,43,54,11,false
#139393,"GUILLAIN-BARRE SYNDROME, FAMILIAL; GBS",Shared,44,55,11,false
#601399,"PLATELET DISORDER, FAMILIAL, WITH ASSOCIATED MYELOID MALIGNANCY; FPDMM",Shared,55,56,1,false
#230900,"GAUCHER DISEASE, TYPE II; GD2",Shared,56,57,1,false
#253300,"SPINAL MUSCULAR ATROPHY, TYPE I; SMA1",Shared,57,58,1,false
#608068,"NEUTROPHILIC DERMATOSIS, ACUTE FEBRILE; AFND",Shared,58,59,1,false
#610551,"ENCEPHALOPATHY, ACUTE, INFECTION-INDUCED (HERPES-SPECIFIC), SUSCEPTIBILITY TO, 1; IIAE1",Shared,47,60,13,false
#615545,"LEUKEMIA, ACUTE LYMPHOBLASTIC, SUSCEPTIBILITY TO, 3; ALL3",Shared,52,61,9,false
#619396,"ENCEPHALOPATHY, ACUTE, INFECTION-INDUCED (HERPES-SPECIFIC), SUSCEPTIBILITY TO, 10; IIAE10",Shared,62,62,0,false
#619441,"ENCEPHALITIS, ACUTE, INFECTION (VIRAL)-INDUCED, SUSCEPTIBILITY TO, 11; IIAE11",Shared,63,63,0,false
#620151,WOLMAN DISEASE; WOLD,Shared,64,64,0,false
#620950,"ENCEPHALOPATHY, ACUTE TRANSIENT; ENPAT",Shared,65,65,0,false
#621333,INFECTION-INDUCED ACUTE-ONSET AXONAL NEUROPATHY; IIAAN,Shared,66,66,0,false
%601676,ACUTE INSULIN RESPONSE,Shared,67,67,0,false
%246400,LETTERER-SIWE DISEASE,Shared,68,68,0,false
151380,"LEUKEMIA, ACUTE MONOCYTIC",Shared,69,69,0,false
246470,"LEUKEMIA, ACUTE MYELOCYTIC, WITH POLYPOSIS COLI AND COLON CANCER",Shared,70,70,0,false
247640,"LYMPHOBLASTIC LEUKEMIA, ACUTE, WITH LYMPHOMATOUS FEATURES; LALL",Shared,71,71,0,false
268240,RHEUMATIC FEVER-RELATED ANTIGEN,Shared,72,72,0,false
606752,ACUTE HEMORRHAGIC LEUKOENCEPHALITIS,Shared,73,73,0,false
607665,TUBULOINTERSTITIAL NEPHRITIS WITH UVEITIS; TINU,Shared,74,74,0,false
308960,"LEUKEMIA, ACUTE, X-LINKED",Shared,75,75,0,false
*151385,RUNT-RELATED TRANSCRIPTION FACTOR 1; RUNX1,Shared,76,76,0,false
*102578,"ACUTE PROMYELOCYTIC LEUKEMIA, INDUCER OF; PML",Shared,77,77,0,false
*102582,SIGNAL TRANSDUCER AND ACTIVATOR OF TRANSCRIPTION 3; STAT3,Shared,78,78,0,false
*120520,MEMBRANE METALLOENDOPEPTIDASE; MME,Shared,79,79,0,false
*180240,"RETINOIC ACID RECEPTOR, ALPHA; RARA",Shared,81,80,-1,false
*186855,T-CELL ACUTE LYMPHOCYTIC LEUKEMIA 2; TAL2,Shared,82,81,-1,false
*187040,T-CELL ACUTE LYMPHOCYTIC LEUKEMIA 1; TAL1,Shared,83,82,-1,false
*600617,STEROIDOGENIC ACUTE REGULATORY PROTEIN; STAR,Shared,84,83,-1,false
*133435,"RUNT-RELATED TRANSCRIPTION FACTOR 1, TRANSLOCATED TO, 1; RUNX1T1",Shared,80,84,4,false
*606602,"BRAIN AND ACUTE LEUKEMIA GENE, CYTOPLASMIC; BAALC",Shared,85,85,0,false
*608450,B-CELL ACUTE LYMPHOBLASTIC LEUKEMIA-EXPRESSED GENE; BLACE,Shared,86,86,0,false
*107730,APOLIPOPROTEIN B; APOB,Shared,87,87,0,false
*104760,AMYLOID BETA A4 PRECURSOR PROTEIN; APP,Shared,88,88,0,false
*120130,"COLLAGEN, TYPE IV, ALPHA-1; COL4A1",Shared,89,89,0,false
#187300,"TELANGIECTASIA, HEREDITARY HEMORRHAGIC, TYPE 1; HHT1",Shared,90,90,0,false
#621295,"CEREBRAL ARTERIOPATHY, AUTOSOMAL RECESSIVE, WITH SUBCORTICAL INFARCTS AND LEUKOENCEPHALOPATHY 1; CARASIL1",Shared,91,91,0,false
*590050,"TRANSFER RNA, MITOCHONDRIAL, LEUCINE, 1; MTTL1",Shared,92,92,0,false
*147796,JANUS KINASE 2; JAK2,Shared,93,93,0,false
%611494,"ATRIAL FIBRILLATION, FAMILIAL, 5; ATFB5",Shared,94,94,0,false
#105210,"AMYLOIDOSIS, HEREDITARY SYSTEMIC 1; AMYLD1",Shared,95,95,0,false
*120180,"COLLAGEN, TYPE III, ALPHA-1; COL3A1",Shared,96,96,0,false
*191160,TUMOR NECROSIS FACTOR; TNF,Shared,97,97,0,false
*138249,"GLUTAMATE RECEPTOR, IONOTROPIC, N-METHYL-D-ASPARTATE, SUBUNIT 1; GRIN1",Shared,98,98,0,false
#615483,"BASAL GANGLIA CALCIFICATION, IDIOPATHIC, 5; IBGC5",Shared,99,99,0,false
*188040,THROMBOMODULIN; THBD,Shared,100,100,0,false
#145600,"MALIGNANT HYPERTHERMIA, SUSCEPTIBILITY TO, 1; MHS1",Shared,101,101,0,false
*192240,VASCULAR ENDOTHELIAL GROWTH FACTOR A; VEGFA,Shared,102,102,0,false
#615750,MOYAMOYA DISEASE 6 WITH OR WITHOUT ACHALASIA; MYMY6,Shared,103,103,0,false
#618564,"MICROANGIOPATHY AND LEUKOENCEPHALOPATHY, PONTINE, AUTOSOMAL DOMINANT; PADMAL",Shared,104,104,0,false
*107680,APOLIPOPROTEIN A-I; APOA1,Shared,105,105,0,false
*600129,PHOSPHODIESTERASE 4D; PDE4D,Shared,106,106,0,false
#607151,MOYAMOYA DISEASE 2; MYMY2,Shared,107,107,0,false
#210720,"MICROCEPHALIC OSTEODYSPLASTIC PRIMORDIAL DWARFISM, TYPE II; MOPD2",Shared,108,108,0,false
*134830,"FIBRINOGEN, B BETA POLYPEPTIDE; FGB",Shared,109,109,0,false
*609708,LIPOPROTEIN LIPASE; LPL,Shared,110,110,0,false
*600509,"ATP-BINDING CASSETTE, SUBFAMILY C, MEMBER 8; ABCC8",Shared,111,111,0,false
*606672,"GLYCOPROTEIN Ib, PLATELET, ALPHA POLYPEPTIDE; GP1BA",Shared,112,112,0,false
#301500,FABRY DISEASE,Shared,113,113,0,false
*607093,"5,10-METHYLENETETRAHYDROFOLATE REDUCTASE; MTHFR",Shared,114,114,0,false
#182410,SNEDDON SYNDROME; SNDNS,Shared,115,115,0,false
#621469,MOYAMOYA DISEASE 8; MYMY8,Shared,116,116,0,false
#243500,ISOVALERIC ACIDEMIA; IVA,Shared,117,117,0,false
#621409,"AUTOINFLAMMATION AND AUTOIMMUNITY, SYSTEMIC, WITH IMMUNE DYSREGULATION 2; AIAISD2",Shared,118,118,0,false
#611788,"AORTIC ANEURYSM, FAMILIAL THORACIC 6; AAT6",Shared,119,119,0,false
#614024,PROTEIN Z DEFICIENCY,Shared,120,120,0,false
*132811,"EPOXIDE HYDROLASE 2, CYTOSOLIC; EPHX2",Shared,121,121,0,false
*604134,"A DISINTEGRIN-LIKE AND METALLOPROTEASE WITH THROMBOSPONDIN TYPE 1 MOTIF, 13; ADAMTS13",Shared,122,122,0,false
*138252,"GLUTAMATE RECEPTOR, IONOTROPIC, N-METHYL-D-ASPARTATE, SUBUNIT 2B; GRIN2B",Shared,123,123,0,false
*602887,DISCS LARGE MAGUK SCAFFOLD PROTEIN 4; DLG4,Shared,124,124,0,false
%252350,MOYAMOYA DISEASE 1; MYMY1,Shared,125,125,0,false
*176895,PROTEIN Z; PROZ,Shared,126,126,0,false
*192225,VASCULAR CELL ADHESION MOLECULE 1; VCAM1,Shared,127,127,0,false
#619220,IMMUNODEFICIENCY 78 WITH AUTOIMMUNITY AND DEVELOPMENTAL DELAY; IMD78,Shared,128,128,0,false
*601693,UNCOUPLING PROTEIN 2; UCP2,Shared,129,129,0,false
*612309,COAGULATION FACTOR V; F5,Shared,130,130,0,false
#173900,POLYCYSTIC KIDNEY DISEASE 1 WITH OR WITHOUT POLYCYSTIC LIVER DISEASE; PKD1,Shared,131,131,0,false
#620687,MOYAMOYA DISEASE 7; MYMY7,Shared,132,132,0,false
*173610,SELECTIN P; SELP,Shared,133,133,0,false
*613381,CYSTATHIONINE BETA-SYNTHASE; CBS,Shared,134,134,0,false
*613768,RING FINGER PROTEIN 213; RNF213,Shared,135,135,0,false
#162200,"NEUROFIBROMATOSIS, TYPE I; NF1",Shared,136,136,0,false
*139250,GROWTH HORMONE 1; GH1,Shared,137,137,0,false
*163731,NITRIC OXIDE SYNTHASE 1; NOS1,Shared,138,138,0,false
*123260,C-REACTIVE PROTEIN; CRP,Shared,139,139,0,false
#194050,WILLIAMS-BEUREN SYNDROME; WBS,Shared,140,140,0,false
#251000,METHYLMALONIC ACIDURIA DUE TO METHYLMALONYL-CoA MUTASE DEFICIENCY; MAMM,Shared,141,141,0,false
*606945,LOW DENSITY LIPOPROTEIN RECEPTOR; LDLR,Shared,142,142,0,false
*612112,TUMOR NECROSIS FACTOR-ALPHA-INDUCED PROTEIN 8-LIKE 2; TNFAIP8L2,Shared,143,143,0,false
#613055,"ATRIAL FIBRILLATION, FAMILIAL, 8; ATFB8",Shared,144,144,0,false
*140580,HEAT-SHOCK TRANSCRIPTION FACTOR 1; HSF1,Shared,145,145,0,false
*173490,"PLATELET-DERIVED GROWTH FACTOR RECEPTOR, ALPHA; PDGFRA",Shared,146,146,0,false
*600295,NATRIURETIC PEPTIDE PRECURSOR B; NPPB,Shared,147,147,0,false
*608452,PLATELET-DERIVED GROWTH FACTOR C; PDGFC,Shared,148,148,0,false
#176270,PRADER-WILLI SYNDROME; PWS,Shared,149,149,0,false
*603030,TOLL-LIKE RECEPTOR 4; TLR4,Shared,150,150,0,false
#188055,THROMBOPHILIA DUE TO ACTIVATED PROTEIN C RESISTANCE; THPH2,Shared,151,151,0,false
135580,"FIBROMUSCULAR DYSPLASIA, ARTERIAL; FMDA",Shared,152,152,0,false
#208000,"ARTERIAL CALCIFICATION, GENERALIZED, OF INFANCY, 1; GACI1",Shared,153,153,0,false
*600960,SET NUCLEAR PROTOONCOGENE; SET,Shared,154,154,0,false
#232600,GLYCOGEN STORAGE DISEASE V; GSD5,Shared,155,155,0,false
*603348,"HYPOXIA-INDUCIBLE FACTOR 1, ALPHA SUBUNIT; HIF1A",Shared,156,156,0,false
*138253,"GLUTAMATE RECEPTOR, IONOTROPIC, N-METHYL-D-ASPARTATE, SUBUNIT 2A; GRIN2A",Shared,157,157,0,false
#616779,"CEREBRAL ARTERIOPATHY, AUTOSOMAL DOMINANT, WITH SUBCORTICAL INFARCTS AND LEUKOENCEPHALOPATHY, TYPE 2; CADASIL2",Shared,158,158,0,false
*120361,MATRIX METALLOPROTEINASE 9; MMP9,Shared,159,159,0,false
*602194,HTRA SERINE PEPTIDASE 1; HTRA1,Shared,160,160,0,false
*191190,"TUMOR NECROSIS FACTOR RECEPTOR SUPERFAMILY, MEMBER 1A; TNFRSF1A",Shared,161,161,0,false
#104300,"ALZHEIMER DISEASE, FAMILIAL, 1; AD1",Shared,162,162,0,false
#612937,"MUSCULAR DYSTROPHY-DYSTROGLYCANOPATHY (LIMB-GIRDLE), TYPE C, 15; MDDGC15",Shared,163,163,0,false
*612456,APOLIPOPROTEIN L DOMAIN-CONTAINING 1; APOLD1,Shared,164,164,0,false
*106165,"ANGIOTENSIN II RECEPTOR, TYPE 1; AGTR1",Shared,165,165,0,false
#306700,HEMOPHILIA A; HEMA,Shared,166,166,0,false
*305900,GLUCOSE-6-PHOSPHATE DEHYDROGENASE; G6PD,Shared,167,167,0,false
*604775,"TRANSIENT RECEPTOR POTENTIAL CATION CHANNEL, SUBFAMILY A, MEMBER 1; TRPA1",Shared,168,168,0,false
*176975,"PROTEIN KINASE C, EPSILON; PRKCE",Shared,169,169,0,false
*601746,HYPOXIA UP-REGULATED 1; HYOU1,Shared,170,170,0,false
#274150,"THROMBOTIC THROMBOCYTOPENIC PURPURA, HEREDITARY; TTP",Shared,171,171,0,false
#192315,"VASCULOPATHY, RETINAL, WITH CEREBRAL LEUKOENCEPHALOPATHY AND SYSTEMIC MANIFESTATIONS; RVCLS",Shared,172,172,0,false
*186940,CD4 ANTIGEN; CD4,Shared,173,173,0,false
*191306,KINASE INSERT DOMAIN RECEPTOR; KDR,Shared,174,174,0,false
#617347,"HYPERLIPOPROTEINEMIA, TYPE III",Shared,175,175,0,false
#615511,MYOPATHY DUE TO MYOADENYLATE DEAMINASE DEFICIENCY; MMDD,Shared,176,176,0,false
*602544,PARKIN RBR E3 UBIQUITIN PROTEIN LIGASE; PRKN,Shared,177,177,0,false
#105150,"CEREBRAL AMYLOID ANGIOPATHY, CST3-RELATED",Shared,178,178,0,false
%605552,ABDOMINAL OBESITY-METABOLIC SYNDROME 1; AOMS1,Shared,179,179,0,false
608223,ASPIRIN RESISTANCE,Shared,180,180,0,false
#115197,"CARDIOMYOPATHY, FAMILIAL HYPERTROPHIC, 4; CMH4",Shared,181,181,0,false
#621331,BRAIN SMALL VESSEL DISEASE 5 WITH OSTEOPOROSIS; BSVD5,Shared,182,182,0,false
*118930,SECRETOGRANIN II; SCG2,Shared,183,183,0,false
*100650,ALDEHYDE DEHYDROGENASE 2 FAMILY MEMBER; ALDH2,Shared,184,184,0,false
*120700,COMPLEMENT COMPONENT 3; C3,Shared,185,185,0,false
#145500,"HYPERTENSION, ESSENTIAL",Shared,186,186,0,false
*190198,NOTCH RECEPTOR 1; NOTCH1,Shared,187,187,0,false
*164011,"NUCLEAR FACTOR KAPPA-B, SUBUNIT 1; NFKB1",Shared,188,188,0,false
*600831,DEATH-ASSOCIATED PROTEIN KINASE 1; DAPK1,Shared,189,189,0,false
#611773,"ANGIOPATHY, HEREDITARY, WITH NEPHROPATHY, ANEURYSMS, AND MUSCLE CRAMPS; HANAC",Shared,190,190,0,false
#619872,IMMUNODEFICIENCY 101 (VARICELLA ZOSTER VIRUS-SPECIFIC); IMD101,Shared,191,191,0,false
*621451,SMALL NUCLEOLAR RNA HOST GENE 12; SNHG12,Shared,192,192,0,false
#176670,HUTCHINSON-GILFORD PROGERIA SYNDROME; HGPS,Shared,193,193,0,false
*176880,PROTEIN S; PROS1,Shared,194,194,0,false
#236250,"HOMOCYSTINURIA DUE TO DEFICIENCY OF N(5,10)-METHYLENETETRAHYDROFOLATE REDUCTASE ACTIVITY",Shared,195,195,0,false
#311250,"ORNITHINE TRANSCARBAMYLASE DEFICIENCY, HYPERAMMONEMIA DUE TO",Shared,196,196,0,false
*133430,ESTROGEN RECEPTOR 1; ESR1,Shared,197,197,0,false
*607918,SELENOPROTEIN S; SELENOS,Shared,198,198,0,false
*605565,RESISTIN; RETN,Shared,199,199,0,false
*134370,COMPLEMENT FACTOR H; CFH,Shared,200,200,0,false
*124020,"CYTOCHROME P450, SUBFAMILY IIC, POLYPEPTIDE 19; CYP2C19",New_due_to_higher_export_limit,,201,,false
#235400,"HEMOLYTIC UREMIC SYNDROME, ATYPICAL, SUSCEPTIBILITY TO, 1; AHUS1",New_due_to_higher_export_limit,,202,,false
*176804,"PROSTAGLANDIN E RECEPTOR 2, EP2 SUBTYPE; PTGER2",New_due_to_higher_export_limit,,203,,false
*602866,"ACID-SENSING ION CHANNEL, SUBUNIT 1; ASIC1",New_due_to_higher_export_limit,,204,,false
*603219,"POTASSIUM CHANNEL, SUBFAMILY K, MEMBER 2; KCNK2",New_due_to_higher_export_limit,,205,,false
*102776,ADENOSINE A2A RECEPTOR; ADORA2A,New_due_to_higher_export_limit,,206,,false
*147780,INTERLEUKIN 4; IL4,New_due_to_higher_export_limit,,207,,false
*151430,BCL2 APOPTOSIS REGULATOR; BCL2,New_due_to_higher_export_limit,,208,,false
#210200,3-METHYLCROTONYL-CoA CARBOXYLASE 1 DEFICIENCY; MCC1D,New_due_to_higher_export_limit,,209,,false
*153620,MACROPHAGE MIGRATION INHIBITORY FACTOR; MIF,New_due_to_higher_export_limit,,210,,false
*141250,HEME OXYGENASE 1; HMOX1,New_due_to_higher_export_limit,,211,,false
*601690,"PHOSPHOLIPASE A2, GROUP VII; PLA2G7",New_due_to_higher_export_limit,,212,,false
*114078,CALCIUM/CALMODULIN-DEPENDENT PROTEIN KINASE II-ALPHA; CAMK2A,New_due_to_higher_export_limit,,213,,false
*606518,HEPATITIS A VIRUS CELLULAR RECEPTOR 1; HAVCR1,New_due_to_higher_export_limit,,214,,false
#266150,PYRUVATE CARBOXYLASE DEFICIENCY,New_due_to_higher_export_limit,,215,,false
#611126,"MITOCHONDRIAL COMPLEX I DEFICIENCY, NUCLEAR TYPE 20; MC1DN20",New_due_to_higher_export_limit,,216,,false
*164730,AKT SERINE/THREONINE KINASE 1; AKT1,New_due_to_higher_export_limit,,217,,false
*601185,STANNIOCALCIN 1; STC1,New_due_to_higher_export_limit,,218,,false
#618567,MITOCHONDRIAL DNA DEPLETION SYNDROME 17; MTDPS17,New_due_to_higher_export_limit,,219,,false
#185300,STURGE-WEBER SYNDROME; SWS,New_due_to_higher_export_limit,,220,,false
#600376,"TELANGIECTASIA, HEREDITARY HEMORRHAGIC, TYPE 2; HHT2",New_due_to_higher_export_limit,,221,,false
#615761,"INTELLECTUAL DEVELOPMENTAL DISORDER, AUTOSOMAL DOMINANT 23; MRD23",New_due_to_higher_export_limit,,222,,false
#616028,ADAMS-OLIVER SYNDROME 5; AOS5,New_due_to_higher_export_limit,,223,,false
%610655,"TELANGIECTASIA, HEREDITARY HEMORRHAGIC, TYPE 4; HHT4",New_due_to_higher_export_limit,,224,,false
*184756,STEROL REGULATORY ELEMENT-BINDING TRANSCRIPTION FACTOR 1; SREBF1,New_due_to_higher_export_limit,,225,,false
*616495,ADP-RIBOSYLATION FACTOR-LIKE GTPase 6-INTERACTING PROTEIN 6; ARL6IP6,New_due_to_higher_export_limit,,226,,false
*602055,INSULIN-INDUCED GENE 1; INSIG1,New_due_to_higher_export_limit,,227,,false
*191191,"TUMOR NECROSIS FACTOR RECEPTOR SUBFAMILY, MEMBER 1B; TNFRSF1B",New_due_to_higher_export_limit,,228,,false
#618463,"HYPOALPHALIPOPROTEINEMIA, PRIMARY, 2",New_due_to_higher_export_limit,,229,,false
#143470,HYPERALPHALIPOPROTEINEMIA 1; HALP1,New_due_to_higher_export_limit,,230,,false
#617159,SIFRIM-HITZ-WEISS SYNDROME; SIHIWES,New_due_to_higher_export_limit,,231,,false
#618807,LIPOPROTEIN(a) QUANTITATIVE TRAIT LOCUS; LPAQTL,New_due_to_higher_export_limit,,232,,false
%608583,"ATRIAL FIBRILLATION, FAMILIAL, 1; ATFB1",New_due_to_higher_export_limit,,233,,false
*600958,"MYOSIN-BINDING PROTEIN C, CARDIAC; MYBPC3",New_due_to_higher_export_limit,,234,,false
*611795,MICRO RNA 145; MIR145,New_due_to_higher_export_limit,,235,,false
*300644,"GALACTOSIDASE, ALPHA; GLA",New_due_to_higher_export_limit,,236,,false
#133780,EXUDATIVE VITREORETINOPATHY 1; EVR1,New_due_to_higher_export_limit,,237,,false
#141500,"MIGRAINE, FAMILIAL HEMIPLEGIC, 1; FHM1",New_due_to_higher_export_limit,,238,,false
#300653,PHOSPHOGLYCERATE KINASE 1 DEFICIENCY,New_due_to_higher_export_limit,,239,,false
#300845,"MOYAMOYA DISEASE 4 WITH SHORT STATURE, HYPERGONADOTROPIC HYPOGONADISM, AND FACIAL DYSMORPHISM; MYMY4",New_due_to_higher_export_limit,,240,,false
#301054,VEXAS SYNDROME; VEXAS,New_due_to_higher_export_limit,,241,,false
*120360,MATRIX METALLOPROTEINASE 2; MMP2,New_due_to_higher_export_limit,,242,,false
*188060,THROMBOSPONDIN I; THBS1,New_due_to_higher_export_limit,,243,,false
*620997,SEMAPHORIN 3G; SEMA3G,New_due_to_higher_export_limit,,244,,false
#215700,"CITRULLINEMIA, CLASSIC",New_due_to_higher_export_limit,,245,,false
#237300,"CARBAMOYL PHOSPHATE SYNTHETASE I DEFICIENCY, HYPERAMMONEMIA DUE TO",New_due_to_higher_export_limit,,246,,false
*590070,"TRANSFER RNA, MITOCHONDRIAL, PHENYLALANINE; MTTF",New_due_to_higher_export_limit,,247,,false
*107280,"SERPIN PEPTIDASE INHIBITOR, CLADE A, MEMBER 3; SERPINA3",New_due_to_higher_export_limit,,248,,false
*609422,MICRO RNA 92A1; MIR92A1,New_due_to_higher_export_limit,,249,,false
*135600,FIBRONECTIN 1; FN1,New_due_to_higher_export_limit,,250,,false
*138140,"SOLUTE CARRIER FAMILY 2 (FACILITATED GLUCOSE TRANSPORTER), MEMBER 1; SLC2A1",New_due_to_higher_export_limit,,251,,false
*607667,"CATENIN, ALPHA-3; CTNNA3",New_due_to_higher_export_limit,,252,,false
*168820,PARAOXONASE 1; PON1,New_due_to_higher_export_limit,,253,,false
*171050,"ATP-BINDING CASSETTE, SUBFAMILY B, MEMBER 1; ABCB1",New_due_to_higher_export_limit,,254,,false
#263300,POLYCYTHEMIA VERA; PV,New_due_to_higher_export_limit,,255,,false
*185430,CLUSTERIN; CLU,New_due_to_higher_export_limit,,256,,false
%611775,KAWASAKI DISEASE,New_due_to_higher_export_limit,,257,,false
*300386,CD40 LIGAND; CD40LG,New_due_to_higher_export_limit,,258,,false
#545000,MYOCLONIC EPILEPSY ASSOCIATED WITH RAGGED-RED FIBERS; MERRF,New_due_to_higher_export_limit,,259,,false
#601005,TIMOTHY SYNDROME; TS,New_due_to_higher_export_limit,,260,,false
*147620,INTERLEUKIN 6; IL6,New_due_to_higher_export_limit,,261,,false
*114610,CANNABINOID RECEPTOR 1; CNR1,New_due_to_higher_export_limit,,262,,false
#300908,"ANEMIA, CONGENITAL, NONSPHEROCYTIC HEMOLYTIC, 1; CNSHA1",New_due_to_higher_export_limit,,263,,false
*600953,INTERLEUKIN 18; IL18,New_due_to_higher_export_limit,,264,,false
*607102,WT1 TRANSCRIPTION FACTOR; WT1,New_due_to_higher_export_limit,,265,,false
*163730,NITRIC OXIDE SYNTHASE 2; NOS2,New_due_to_higher_export_limit,,266,,false
#260920,HYPER-IgD SYNDROME; HIDS,New_due_to_higher_export_limit,,267,,false
#312170,PYRUVATE DEHYDROGENASE E1-ALPHA DEFICIENCY; PDHAD,New_due_to_higher_export_limit,,268,,false
*154545,MANNOSE-BINDING LECTIN 2; MBL2,New_due_to_higher_export_limit,,269,,false
*176385,PAPPALYSIN 1; PAPPA,New_due_to_higher_export_limit,,270,,false
*602681,FORKHEAD BOX O3; FOXO3,New_due_to_higher_export_limit,,271,,false
*606386,OLIGODENDROCYTE LINEAGE TRANSCRIPTION FACTOR 2; OLIG2,New_due_to_higher_export_limit,,272,,false
#116860,CEREBRAL CAVERNOUS MALFORMATIONS; CCM,New_due_to_higher_export_limit,,273,,false
#152700,SYSTEMIC LUPUS ERYTHEMATOSUS; SLE,New_due_to_higher_export_limit,,274,,false
#612932,GLYCOGEN STORAGE DISEASE XIII; GSD13,New_due_to_higher_export_limit,,275,,false
#137800,GLIOMA SUSCEPTIBILITY 1; GLM1,New_due_to_higher_export_limit,,276,,false
*120577,"COMPLEMENT COMPONENT 1, q SUBCOMPONENT, RECEPTOR 1; C1QR1",New_due_to_higher_export_limit,,277,,false
*600181,LIPOCALIN 2; LCN2,New_due_to_higher_export_limit,,278,,false
*601439,"ATP-BINDING CASSETTE, SUBFAMILY C, MEMBER 9; ABCC9",New_due_to_higher_export_limit,,279,,false
*606425,EGL9 FAMILY HYPOXIA-INDUCIBLE FACTOR 1; EGLN1,New_due_to_higher_export_limit,,280,,false
#160980,"CARNEY COMPLEX, TYPE 1; CNC1",New_due_to_higher_export_limit,,281,,false
#612067,DYSTONIA 16; DYT16,New_due_to_higher_export_limit,,282,,false
#612797,HIGH DENSITY LIPOPROTEIN CHOLESTEROL LEVEL QUANTITATIVE TRAIT LOCUS 12; HDLCQ12,New_due_to_higher_export_limit,,283,,false
#618672,"INTELLECTUAL DEVELOPMENTAL DISORDER WITH SPEECH DELAY, AUTISM, AND DYSMORPHIC FACIES; IDDSADF",New_due_to_higher_export_limit,,284,,false
#130050,"EHLERS-DANLOS SYNDROME, VASCULAR TYPE; EDSVASC",New_due_to_higher_export_limit,,285,,false
#602501,MEGALENCEPHALY-CAPILLARY MALFORMATION-POLYMICROGYRIA SYNDROME; MCAP,New_due_to_higher_export_limit,,286,,false
#300868,MULTIPLE CONGENITAL ANOMALIES-HYPOTONIA-SEIZURES SYNDROME 2; MCAHS2,New_due_to_higher_export_limit,,287,,false
#620410,LOW DENSITY LIPOPROTEIN CHOLESTEROL LEVEL QUANTITATIVE TRAIT LOCUS 3; LDLCQ3,New_due_to_higher_export_limit,,288,,false
*106150,ANGIOTENSINOGEN; AGT,New_due_to_higher_export_limit,,289,,false
*173350,PLASMINOGEN; PLG,New_due_to_higher_export_limit,,290,,false
*600046,"ATP-BINDING CASSETTE, SUBFAMILY A, MEMBER 1; ABCA1",New_due_to_higher_export_limit,,291,,false
*600516,BCL2 ANTAGONIST KILLER 1; BAK1,New_due_to_higher_export_limit,,292,,false
*610221,"AKT1 SUBSTRATE 1, PROLINE-RICH; AKT1S1",New_due_to_higher_export_limit,,293,,false
*139396,"GUANYLATE CYCLASE, SOLUBLE, ALPHA-1; GUCY1A1",New_due_to_higher_export_limit,,294,,false
*601593,BRCA1-ASSOCIATED RING DOMAIN 1; BARD1,New_due_to_higher_export_limit,,295,,false
*602620,LEGUMAIN; LGMN,New_due_to_higher_export_limit,,296,,false
*603700,ARACHIDONATE 5-LIPOXYGENASE-ACTIVATING PROTEIN; ALOX5AP,New_due_to_higher_export_limit,,297,,false
*603796,"POTASSIUM CHANNEL, VOLTAGE-GATED, ISK-RELATED SUBFAMILY, MEMBER 2; KCNE2",New_due_to_higher_export_limit,,298,,false
*604480,SIRTUIN 2; SIRT2,New_due_to_higher_export_limit,,299,,false
*605476,"ARF GTPase-ACTIVATING PROTEIN WITH GTPase DOMAIN, ANKYRIN REPEAT, AND PLECKSTRIN HOMOLOGY DOMAIN 2; AGAP2",New_due_to_higher_export_limit,,300,,false
*606882,"ATPase, Cu(2+)-TRANSPORTING, BETA POLYPEPTIDE; ATP7B",New_due_to_higher_export_limit,,301,,false
*607729,DNA DAMAGE-INDUCIBLE TRANSCRIPT 4; DDIT4,New_due_to_higher_export_limit,,302,,false
*607786,"PROPROTEIN CONVERTASE, SUBTILISIN/KEXIN-TYPE, 9; PCSK9",New_due_to_higher_export_limit,,303,,false
#212065,"CONGENITAL DISORDER OF GLYCOSYLATION, TYPE Ia; CDG1A",New_due_to_higher_export_limit,,304,,false
#619272,"MITOCHONDRIAL COMPLEX I DEFICIENCY, NUCLEAR TYPE 37; MC1DN37",New_due_to_higher_export_limit,,305,,false
#619329,"FIBROMUSCULAR DYSPLASIA, MULTIFOCAL; FMDMF",New_due_to_higher_export_limit,,306,,false
*590030,"TRANSFER RNA, MITOCHONDRIAL, GLUTAMINE; MTTQ",New_due_to_higher_export_limit,,307,,false
#235200,"HEMOCHROMATOSIS, TYPE 1; HFE1",New_due_to_higher_export_limit,,308,,false
#256040,PROTEASOME-ASSOCIATED AUTOINFLAMMATORY SYNDROME 1; PRAAS1,New_due_to_higher_export_limit,,309,,false
#305390,"EXUDATIVE VITREORETINOPATHY 2, X-LINKED; EVR2",New_due_to_higher_export_limit,,310,,false
#143100,HUNTINGTON DISEASE; HD,New_due_to_higher_export_limit,,311,,false
*313700,ANDROGEN RECEPTOR; AR,New_due_to_higher_export_limit,,312,,false
*600636,"CASPASE 3, APOPTOSIS-RELATED CYSTEINE PROTEASE; CASP3",New_due_to_higher_export_limit,,313,,false
*601231,MECHANISTIC TARGET OF RAPAMYCIN; MTOR,New_due_to_higher_export_limit,,314,,false
#154700,MARFAN SYNDROME; MFS,New_due_to_higher_export_limit,,315,,false
#203700,MITOCHONDRIAL DNA DEPLETION SYNDROME 4A (ALPERS TYPE); MTDPS4A,New_due_to_higher_export_limit,,316,,false
#220111,"MITOCHONDRIAL COMPLEX IV DEFICIENCY, NUCLEAR TYPE 5; MC4DN5",New_due_to_higher_export_limit,,317,,false
*516060,ATP SYNTHASE 6; MTATP6,New_due_to_higher_export_limit,,318,,false
#242900,SCHIMKE IMMUNOOSSEOUS DYSPLASIA; SIOD,New_due_to_higher_export_limit,,319,,false
#614028,APOLIPOPROTEIN C-III DEFICIENCY,New_due_to_higher_export_limit,,320,,false
*173360,"SERPIN PEPTIDASE INHIBITOR, CLADE E (NEXIN, PLASMINOGEN ACTIVATOR INHIBITOR TYPE 1), MEMBER 1; SERPINE1",New_due_to_higher_export_limit,,321,,false
#617397,PSEUDO-TORCH SYNDROME 2; PTORCH2,New_due_to_higher_export_limit,,322,,false
#246650,"LIPASE DEFICIENCY, COMBINED",New_due_to_higher_export_limit,,323,,false
#238600,"HYPERLIPOPROTEINEMIA, TYPE I",New_due_to_higher_export_limit,,324,,false
*162643,"CHEMOKINE, CXC MOTIF, RECEPTOR 4; CXCR4",New_due_to_higher_export_limit,,325,,false
*116805,"CATENIN, ALPHA-1; CTNNA1",New_due_to_higher_export_limit,,326,,false
*171833,"PHOSPHATIDYLINOSITOL 3-KINASE, REGULATORY SUBUNIT 1; PIK3R1",New_due_to_higher_export_limit,,327,,false
*173370,"PLASMINOGEN ACTIVATOR, TISSUE; PLAT",New_due_to_higher_export_limit,,328,,false
*189907,HNF1 HOMEOBOX B; HNF1B,New_due_to_higher_export_limit,,329,,false
*603028,TOLL-LIKE RECEPTOR 2; TLR2,New_due_to_higher_export_limit,,330,,false
*614141,TRIPARTITE MOTIF-CONTAINING PROTEIN 2; TRIM2,New_due_to_higher_export_limit,,331,,false
*602006,MITOGEN-ACTIVATED PROTEIN KINASE-ACTIVATED PROTEIN KINASE 2; MAPKAPK2,New_due_to_higher_export_limit,,332,,false
*602739,"PROTEIN KINASE, AMP-ACTIVATED, CATALYTIC, ALPHA-1; PRKAA1",New_due_to_higher_export_limit,,333,,false
*603827,BCL2-LIKE 11; BCL2L11,New_due_to_higher_export_limit,,334,,false
*606057,RAP GUANINE NUCLEOTIDE EXCHANGE FACTOR 3; RAPGEF3,New_due_to_higher_export_limit,,335,,false
#252010,"MITOCHONDRIAL COMPLEX I DEFICIENCY, NUCLEAR TYPE 1; MC1DN1",New_due_to_higher_export_limit,,336,,false
#302060,BARTH SYNDROME; BTHS,New_due_to_higher_export_limit,,337,,false
*162640,NEUROPEPTIDE Y; NPY,New_due_to_higher_export_limit,,338,,false
*601121,PLACENTAL GROWTH FACTOR; PGF,New_due_to_higher_export_limit,,339,,false
*602897,MITOGEN-ACTIVATED PROTEIN KINASE 10; MAPK10,New_due_to_higher_export_limit,,340,,false
*604384,"ATPase, Ca(2+)-TRANSPORTING, TYPE 2C, MEMBER 1; ATP2C1",New_due_to_higher_export_limit,,341,,false
#614521,THROMBOCYTHEMIA 3; THCYT3,New_due_to_higher_export_limit,,342,,false
#232800,GLYCOGEN STORAGE DISEASE VII; GSD7,New_due_to_higher_export_limit,,343,,false
#143890,"HYPERCHOLESTEROLEMIA, FAMILIAL, 1; FHCL1",New_due_to_higher_export_limit,,344,,false
#614008,NESTOR-GUILLERMO PROGERIA SYNDROME; NGPS,New_due_to_higher_export_limit,,345,,false
*107776,AQUAPORIN 1; AQP1,New_due_to_higher_export_limit,,346,,false
*113503,BRADYKININ RECEPTOR B2; BDKRB2,New_due_to_higher_export_limit,,347,,false
*116880,CATHEPSIN L; CTSL,New_due_to_higher_export_limit,,348,,false
*176990,"S100 CALCIUM-BINDING PROTEIN, BETA; S100B",New_due_to_higher_export_limit,,349,,false
*600337,BRADYKININ RECEPTOR B1; BDKRB1,New_due_to_higher_export_limit,,350,,false
*600835,"CHEMOKINE, CXC MOTIF, LIGAND 12; CXCL12",New_due_to_higher_export_limit,,351,,false
*611741,"ACID-SENSING ION CHANNEL, SUBUNIT 3; ASIC3",New_due_to_higher_export_limit,,352,,false
*614112,MICRO RNA 320A; MIR320A,New_due_to_higher_export_limit,,353,,false
*616506,NEURON-DERIVED NEUROTROPHIC FACTOR; NDNF,New_due_to_higher_export_limit,,354,,false
*123831,CYCLIN-DEPENDENT KINASE 5; CDK5,New_due_to_higher_export_limit,,355,,false
*602836,"PURINERGIC RECEPTOR P2X, LIGAND-GATED ION CHANNEL, 5; P2RX5",New_due_to_higher_export_limit,,356,,false
*604517,"PEROXISOME PROLIFERATOR-ACTIVATED RECEPTOR-GAMMA, COACTIVATOR 1, ALPHA; PPARGC1A",New_due_to_higher_export_limit,,357,,false
*605246,COMPLEMENT COMPONENT 3a RECEPTOR 1; C3AR1,New_due_to_higher_export_limit,,358,,false
*605304,NEUROGLOBIN; NGB,New_due_to_higher_export_limit,,359,,false
*606650,"GLUTAMATE RECEPTOR, IONOTROPIC, N-METHYL-D-ASPARTATE 3A; GRIN3A",New_due_to_higher_export_limit,,360,,false
*620533,LONG INTERGENIC NONCODING RNA 520; LINC00520,New_due_to_higher_export_limit,,361,,false
*621026,RING FINGER PROTEIN 182; RNF182,New_due_to_higher_export_limit,,362,,false
#103900,"HYPERALDOSTERONISM, FAMILIAL, TYPE I; HALD1",New_due_to_higher_export_limit,,363,,false
#104310,ALZHEIMER DISEASE 2; AD2,New_due_to_higher_export_limit,,364,,false
#112410,HYPERTENSION AND BRACHYDACTYLY SYNDROME; HTNB,New_due_to_higher_export_limit,,365,,false
#176860,"THROMBOPHILIA DUE TO PROTEIN C DEFICIENCY, AUTOSOMAL DOMINANT; THPH3",New_due_to_higher_export_limit,,366,,false
#177200,LIDDLE SYNDROME 1; LIDLS1,New_due_to_higher_export_limit,,367,,false
#619780,MITOCHONDRIAL DNA DEPLETION SYNDROME 20 (MNGIE TYPE); MTDPS20,New_due_to_higher_export_limit,,368,,false
*600946,GROWTH HORMONE RECEPTOR; GHR,New_due_to_higher_export_limit,,369,,false
*613111,CATHEPSIN A; CTSA,New_due_to_higher_export_limit,,370,,false
*123580,"CRYSTALLIN, ALPHA-A; CRYAA",New_due_to_higher_export_limit,,371,,false
*134640,FATTY ACID-BINDING PROTEIN 2; FABP2,New_due_to_higher_export_limit,,372,,false
*137142,"GAMMA-AMINOBUTYRIC ACID RECEPTOR, ALPHA-5; GABRA5",New_due_to_higher_export_limit,,373,,false
*137163,"GAMMA-AMINOBUTYRIC ACID RECEPTOR, DELTA; GABRD",New_due_to_higher_export_limit,,374,,false
*607952,"SOLUTE CARRIER FAMILY 6 (NEUROTRANSMITTER TRANSPORTER, GABA), MEMBER 11; SLC6A11",New_due_to_higher_export_limit,,375,,false
#105400,AMYOTROPHIC LATERAL SCLEROSIS 1; ALS1,New_due_to_higher_export_limit,,376,,false
#186580,BLAU SYNDROME; BLAUS,New_due_to_higher_export_limit,,377,,false
#231005,"GAUCHER DISEASE, TYPE IIIC; GD3C",New_due_to_higher_export_limit,,378,,false
%602440,"AMYOTROPHY, MONOMELIC",New_due_to_higher_export_limit,,379,,false
245650,"LARSEN-LIKE SYNDROME, LETHAL TYPE",New_due_to_higher_export_limit,,380,,false
*600474,CATHELICIDIN ANTIMICROBIAL PEPTIDE; CAMP,New_due_to_higher_export_limit,,381,,false
*125660,DESMIN; DES,New_due_to_higher_export_limit,,382,,false
*602601,"LOW DENSITY LIPOPROTEIN, OXIDIZED, RECEPTOR 1; OLR1",New_due_to_higher_export_limit,,383,,false
*604479,SIRTUIN 1; SIRT1,New_due_to_higher_export_limit,,384,,false
*300011,"ATPase, Cu(2+)-TRANSPORTING, ALPHA POLYPEPTIDE; ATP7A",New_due_to_higher_export_limit,,385,,false
*605921,STROMAL INTERACTION MOLECULE 1; STIM1,New_due_to_higher_export_limit,,386,,false
*606424,EGL9 FAMILY HYPOXIA-INDUCIBLE FACTOR 2; EGLN2,New_due_to_higher_export_limit,,387,,false
*607623,NPC INTRACELLULAR CHOLESTEROL TRANSPORTER 1; NPC1,New_due_to_higher_export_limit,,388,,false
*608083,APOLIPOPROTEIN C-II; APOC2,New_due_to_higher_export_limit,,389,,false
*300159,"THYMOSIN, BETA-4, X CHROMOSOME; TMSB4X",New_due_to_higher_export_limit,,390,,false
*608786,PYRUVATE CARBOXYLASE; PC,New_due_to_higher_export_limit,,391,,false
*621617,CHROMOSOME 1 OPEN READING FRAME 54; C1ORF54,New_due_to_higher_export_limit,,392,,false
#600880,BUDD-CHIARI SYNDROME; BDCHS,New_due_to_higher_export_limit,,393,,false
#225750,AICARDI-GOUTIERES SYNDROME 1; AGS1,New_due_to_higher_export_limit,,394,,false
#603075,"MACULAR DEGENERATION, AGE-RELATED, 1; ARMD1",New_due_to_higher_export_limit,,395,,false
#258450,"PROGRESSIVE EXTERNAL OPHTHALMOPLEGIA WITH MITOCHONDRIAL DNA DELETIONS, AUTOSOMAL RECESSIVE 1; PEOB1",New_due_to_higher_export_limit,,396,,false
#271245,MITOCHONDRIAL DNA DEPLETION SYNDROME 7 (HEPATOCEREBRAL TYPE); MTDPS7,New_due_to_higher_export_limit,,397,,false
#607259,"SPASTIC PARAPLEGIA 7, AUTOSOMAL RECESSIVE, WITH OR WITHOUT CEREBELLAR ATAXIA; SPG7",New_due_to_higher_export_limit,,398,,false
#621314,"POMPE DISEASE, LATE-ONSET; LOPD",New_due_to_higher_export_limit,,399,,false
%152430,LONGEVITY 1,New_due_to_higher_export_limit,,400,,false
%616182,"CHRONIC MOUNTAIN SICKNESS, SUSCEPTIBILITY TO",New_due_to_higher_export_limit,,401,,false
*151570,LEUKOTRIENE A4 HYDROLASE; LTA4H,New_due_to_higher_export_limit,,402,,false
*516020,CYTOCHROME b OF COMPLEX III; MTCYB,New_due_to_higher_export_limit,,403,,false
*191044,"TROPONIN I, CARDIAC; TNNI3",New_due_to_higher_export_limit,,404,,false
*604312,CYSTATIN 3; CST3,New_due_to_higher_export_limit,,405,,false
*606936,"TRANSIENT RECEPTOR POTENTIAL CATION CHANNEL, SUBFAMILY M, MEMBER 4; TRPM4",New_due_to_higher_export_limit,,406,,false
#602531,GRANGE SYNDROME; GRNG,New_due_to_higher_export_limit,,407,,false
#308300,INCONTINENTIA PIGMENTI; IP,New_due_to_higher_export_limit,,408,,false
#619656,LOEYS-DIETZ SYNDROME 6; LDS6,New_due_to_higher_export_limit,,409,,false
277175,VASCULAR HYALINOSIS,New_due_to_higher_export_limit,,410,,false
*165240,GLI-KRUPPEL FAMILY MEMBER 3; GLI3,New_due_to_higher_export_limit,,411,,false
*600111,"SOLUTE CARRIER FAMILY 1 (GLIAL HIGH AFFINITY GLUTAMATE TRANSPORTER), MEMBER 3; SLC1A3",New_due_to_higher_export_limit,,412,,false
*600445,ADENOSINE A3 RECEPTOR; ADORA3,New_due_to_higher_export_limit,,413,,false
*609991,FIBRONECTIN TYPE III DOMAIN-CONTAINING PROTEIN 1; FNDC1,New_due_to_higher_export_limit,,414,,false
*612491,APAF1-INTERACTING PROTEIN; APIP,New_due_to_higher_export_limit,,415,,false
*601398,VASCULAR ENDOTHELIAL GROWTH FACTOR B; VEGFB,New_due_to_higher_export_limit,,416,,false
*191328,UBIQUINOL-CYTOCHROME c REDUCTASE CORE PROTEIN I; UQCRC1,New_due_to_higher_export_limit,,417,,false
*602737,"CHEMOKINE, CC MOTIF, LIGAND 21; CCL21",New_due_to_higher_export_limit,,418,,false
*603071,G PROTEIN-COUPLED RECEPTOR 17; GPR17,New_due_to_higher_export_limit,,419,,false
*605441,"ADIPOCYTE-, C1q-, AND COLLAGEN DOMAIN-CONTAINING; ADIPOQ",New_due_to_higher_export_limit,,420,,false
*300112,PROTEOLIPID PROTEIN 2; PLP2,New_due_to_higher_export_limit,,421,,false
*606018,EGF-LIKE REPEATS- AND DISCOIDIN I-LIKE DOMAINS-CONTAINING PROTEIN 3; EDIL3,New_due_to_higher_export_limit,,422,,false
*606126,BCL2-LIKE 14; BCL2L14,New_due_to_higher_export_limit,,423,,false
*606536,CHLORIDE INTRACELLULAR CHANNEL 4; CLIC4,New_due_to_higher_export_limit,,424,,false
*607991,"SOLUTE CARRIER FAMILY 8 (SODIUM-CALCIUM EXCHANGER), MEMBER A3; SLC8A3",New_due_to_higher_export_limit,,425,,false
*608455,"GLYCOGEN PHOSPHORYLASE, MUSCLE; PYGM",New_due_to_higher_export_limit,,426,,false
*300865,MICRO RNA 503; MIR503,New_due_to_higher_export_limit,,427,,false
*602444,ZINC FINGER PROTEIN 354A; ZNF354A,New_due_to_higher_export_limit,,428,,false
*603951,"POTASSIUM CHANNEL, CALCIUM-ACTIVATED, LARGE CONDUCTANCE, SUBFAMILY M, BETA MEMBER 1; KCNMB1",New_due_to_higher_export_limit,,429,,false
*605619,INTERLEUKIN 20; IL20,New_due_to_higher_export_limit,,430,,false
*620122,DENN DOMAIN-CONTAINING PROTEIN 11; DENND11,New_due_to_higher_export_limit,,431,,false
*621334,MICRO RNA 496; MIR496,New_due_to_higher_export_limit,,432,,false
#612016,"COENZYME Q10 DEFICIENCY, PRIMARY, 4; COQ10D4",New_due_to_higher_export_limit,,433,,false
#614278,PLATELET-ACTIVATING FACTOR ACETYLHYDROLASE DEFICIENCY; PAFAD,New_due_to_higher_export_limit,,434,,false
#603284,CEREBRAL CAVERNOUS MALFORMATIONS 2; CCM2,New_due_to_higher_export_limit,,435,,false
#607554,"ATRIAL FIBRILLATION, FAMILIAL, 3; ATFB3",New_due_to_higher_export_limit,,436,,false
#614042,MOYAMOYA DISEASE 5; MYMY5,New_due_to_higher_export_limit,,437,,false
#618855,COMBINED OXIDATIVE PHOSPHORYLATION DEFICIENCY 44; COXPD44,New_due_to_higher_export_limit,,438,,false
%105800,"ANEURYSM, INTRACRANIAL BERRY, 1; ANIB1",New_due_to_higher_export_limit,,439,,false
%609122,"ANEURYSM, INTRACRANIAL BERRY, 3; ANIB3",New_due_to_higher_export_limit,,440,,false
%609338,CAROTID INTIMAL MEDIAL THICKNESS 1; IMT1,New_due_to_higher_export_limit,,441,,false
%300870,"ANEURYSM, INTRACRANIAL BERRY, 5; ANIB5",New_due_to_higher_export_limit,,442,,false
147820,"INTERNAL CAROTID ARTERY, SPONTANEOUS DISSECTION OF",New_due_to_higher_export_limit,,443,,false
125635,"DERMOGRAPHISM, FAMILIAL",New_due_to_higher_export_limit,,444,,false
*180901,RYANODINE RECEPTOR 1; RYR1,New_due_to_higher_export_limit,,445,,false
*516003,"COMPLEX I, SUBUNIT ND4; MTND4",New_due_to_higher_export_limit,,446,,false
*516005,"COMPLEX I, SUBUNIT ND5; MTND5",New_due_to_higher_export_limit,,447,,false
*590060,"TRANSFER RNA, MITOCHONDRIAL, LYSINE; MTTK",New_due_to_higher_export_limit,,448,,false
*608955,TUBULIN TYROSINE LIGASE-LIKE 1; TTLL1,New_due_to_higher_export_limit,,449,,false
*617455,"POLYMERASE III, RNA, SUBUNIT F; POLR3F",New_due_to_higher_export_limit,,450,,false
*605437,"PROTEIN KINASE C, ETA; PRKCH",New_due_to_higher_export_limit,,451,,false
#150600,LEGG-CALVE-PERTHES DISEASE; LCPD,New_due_to_higher_export_limit,,452,,false
#600268,OCULOECTODERMAL SYNDROME; OES,New_due_to_higher_export_limit,,453,,false
#601003,BRODY DISEASE; BROD,New_due_to_higher_export_limit,,454,,false
#612623,"MICROVASCULAR COMPLICATIONS OF DIABETES, SUSCEPTIBILITY TO, 2; MVCD2",New_due_to_higher_export_limit,,455,,false
#614473,"ARTERIAL CALCIFICATION, GENERALIZED, OF INFANCY, 2; GACI2",New_due_to_higher_export_limit,,456,,false
#225790,PROLIFERATIVE VASCULOPATHY AND HYDRANENCEPHALY-HYDROCEPHALY SYNDROME; PVHH,New_due_to_higher_export_limit,,457,,false
#243700,"HYPER-IgE SYNDROME 2, AUTOSOMAL RECESSIVE, WITH RECURRENT INFECTIONS; HIES2",New_due_to_higher_export_limit,,458,,false
#260565,PEHO SYNDROME; PEHO,New_due_to_higher_export_limit,,459,,false
#300559,GLYCOGEN STORAGE DISEASE IXd; GSD9D,New_due_to_higher_export_limit,,460,,false
#619433,"CARDIOMYOPATHY, FAMILIAL RESTRICTIVE, 6; RCM6",New_due_to_higher_export_limit,,461,,false
#620371,"NEURODEVELOPMENTAL DISORDER WITH INTRACRANIAL HEMORRHAGE, SEIZURES, AND SPASTICITY; NEDIHSS",New_due_to_higher_export_limit,,462,,false
%107650,"APNEA, OBSTRUCTIVE SLEEP",New_due_to_higher_export_limit,,463,,false
177800,PSEUDOPAPILLEDEMA,New_due_to_higher_export_limit,,464,,false
243100,"INTERNAL CAROTID ARTERIES, HYPOPLASIA OF",New_due_to_higher_export_limit,,465,,false
*147450,SUPEROXIDE DISMUTASE 1; SOD1,New_due_to_higher_export_limit,,466,,false
*147460,SUPEROXIDE DISMUTASE 2; SOD2,New_due_to_higher_export_limit,,467,,false
*104311,PRESENILIN 1; PSEN1,New_due_to_higher_export_limit,,468,,false
*173870,POLY(ADP-RIBOSE) POLYMERASE 1; PARP1,New_due_to_higher_export_limit,,469,,false
*185490,SUPEROXIDE DISMUTASE 3; SOD3,New_due_to_higher_export_limit,,470,,false
*600124,HETEROGENEOUS NUCLEAR RIBONUCLEOPROTEIN A2/B1; HNRNPA2B1,New_due_to_higher_export_limit,,471,,false
*600639,"CASPASE 2, APOPTOSIS-RELATED CYSTEINE PROTEASE; CASP2",New_due_to_higher_export_limit,,472,,false
*600748,TRANSMEMBRANE BAX INHIBITOR MOTIF-CONTAINING PROTEIN 6; TMBIM6,New_due_to_higher_export_limit,,473,,false
*610077,REGULATOR OF CELL CYCLE; RGCC,New_due_to_higher_export_limit,,474,,false
*610705,"CD300 ANTIGEN-LIKE FAMILY, MEMBER B; CD300LB",New_due_to_higher_export_limit,,475,,false
*613614,MICRO RNA 499; MIR499,New_due_to_higher_export_limit,,476,,false
*614463,NMYC DOWNSTREAM-REGULATED GENE 4; NDRG4,New_due_to_higher_export_limit,,477,,false
*615857,2-OXOGLUTARATE- AND IRON-DEPENDENT OXYGENASE DOMAIN-CONTAINING PROTEIN 1; OGFOD1,New_due_to_higher_export_limit,,478,,false
*134920,FIBROBLAST GROWTH FACTOR 2; FGF2,New_due_to_higher_export_limit,,479,,false
*138450,"SERINE HYDROXYMETHYLTRANSFERASE, MITOCHONDRIAL; SHMT2",New_due_to_higher_export_limit,,480,,false
*603083,HETEROGENEOUS NUCLEAR RIBOPROTEIN L; HNRNPL,New_due_to_higher_export_limit,,481,,false
*603293,BCL2/ADENOVIRUS E1B 19-KD PROTEIN-INTERACTING PROTEIN 3; BNIP3,New_due_to_higher_export_limit,,482,,false
*603907,"EUKARYOTIC TRANSLATION INITIATION FACTOR 2, SUBUNIT 1; EIF2S1",New_due_to_higher_export_limit,,483,,false
*604252,BETA-SITE AMYLOID BETA A4 PRECURSOR PROTEIN-CLEAVING ENZYME 1; BACE1,New_due_to_higher_export_limit,,484,,false
*604486,"PEPTIDYL-PROLYL CIS/TRANS ISOMERASE, MITOCHONDRIAL; PPIF",New_due_to_higher_export_limit,,485,,false
*605263,SHC TRANSFORMING PROTEIN 3; SHC3,New_due_to_higher_export_limit,,486,,false
*606006,"GOLGI-ASSOCIATED, GAMMA-ADAPTIN EAR-CONTAINING, ARF-BINDING PROTEIN 3; GGA3",New_due_to_higher_export_limit,,487,,false
*606381,SUCCINATE RECEPTOR 1; SUCNR1,New_due_to_higher_export_limit,,488,,false
*606441,HTRA SERINE PEPTIDASE 2; HTRA2,New_due_to_higher_export_limit,,489,,false
*606923,HYDROXYCARBOXYLIC ACID RECEPTOR 1; HCAR1,New_due_to_higher_export_limit,,490,,false
*190040,"PLATELET-DERIVED GROWTH FACTOR, BETA POLYPEPTIDE; PDGFB",New_due_to_higher_export_limit,,491,,false
*238300,GLYCINE DECARBOXYLASE; GLDC,New_due_to_higher_export_limit,,492,,false
*607203,"SALVADOR FAMILY, WW DOMAIN-CONTAINING PROTEIN 1; SAV1",New_due_to_higher_export_limit,,493,,false
*610562,ZINC FINGER CCCH DOMAIN-CONTAINING PROTEIN 12A; ZC3H12A,New_due_to_higher_export_limit,,494,,false
*620391,"POLY(ADP-RIBOSE) POLYMERASE FAMILY, MEMBER 16; PARP16",New_due_to_higher_export_limit,,495,,false
*620724,ENOYL COENZYME A HYDRATASE DOMAIN-CONTAINING PROTEIN 2; ECHDC2,New_due_to_higher_export_limit,,496,,false
#108010,ARTERIOVENOUS MALFORMATIONS OF THE BRAIN,New_due_to_higher_export_limit,,497,,false
#185070,STORMORKEN SYNDROME; STRMK,New_due_to_higher_export_limit,,498,,false
#500011,"MYOPATHY, LACTIC ACIDOSIS, AND SIDEROBLASTIC ANEMIA 3; MLASA3",New_due_to_higher_export_limit,,499,,false
#612240,"ATRIAL FIBRILLATION, FAMILIAL, 7; ATFB7",New_due_to_higher_export_limit,,500,,false
#613426,"CARDIOMYOPATHY, DILATED, 1S; CMD1S",New_due_to_higher_export_limit,,501,,false
#615377,"ATRIAL FIBRILLATION, FAMILIAL, 13; ATFB13",New_due_to_higher_export_limit,,502,,false
#615812,ABDOMINAL OBESITY-METABOLIC SYNDROME 3; AOMS3,New_due_to_higher_export_limit,,503,,false
#616539,"PERIPHERAL NEUROPATHY WITH VARIABLE SPASTICITY, EXERCISE INTOLERANCE, AND DEVELOPMENTAL DELAY; PNSED",New_due_to_higher_export_limit,,504,,false
#618440,OCULOSKELETODENTAL SYNDROME; OCSKD,New_due_to_higher_export_limit,,505,,false
#603472,NEURONAL INTRANUCLEAR INCLUSION DISEASE; NIID,New_due_to_higher_export_limit,,506,,false
#264800,PSEUDOXANTHOMA ELASTICUM; PXE,New_due_to_higher_export_limit,,507,,false
#300049,PERIVENTRICULAR NODULAR HETEROTOPIA 1; PVNH1,New_due_to_higher_export_limit,,508,,false
#615506,"TELANGIECTASIA, HEREDITARY HEMORRHAGIC, TYPE 5; HHT5",New_due_to_higher_export_limit,,509,,false
#618734,"ANEURYSM, INTRACRANIAL BERRY, 12; ANIB12",New_due_to_higher_export_limit,,510,,false
%609113,"TELOMERE LENGTH, MEAN LEUKOCYTE; LTL",New_due_to_higher_export_limit,,511,,false
%608557,"MYOCARDIAL INFARCTION, SUSCEPTIBILITY TO, 2",New_due_to_higher_export_limit,,512,,false
*120090,"COLLAGEN, TYPE IV, ALPHA-2; COL4A2",New_due_to_higher_export_limit,,513,,false
*600441,GROWTH ARREST-SPECIFIC 6; GAS6,New_due_to_higher_export_limit,,514,,false
*616821,THROMBOSPONDIN TYPE 1 DOMAIN-CONTAINING PROTEIN 1; THSD1,New_due_to_higher_export_limit,,515,,false
*617906,CILIA- AND FLAGELLA-ASSOCIATED PROTEIN 20; CFAP20,New_due_to_higher_export_limit,,516,,false
*134850,"FIBRINOGEN, G GAMMA POLYPEPTIDE; FGG",New_due_to_higher_export_limit,,517,,false
*601667,ANGIOPOIETIN 1; ANGPT1,New_due_to_higher_export_limit,,518,,false
*192974,"INTEGRIN, ALPHA-2; ITGA2",New_due_to_higher_export_limit,,519,,false
*602533,ONCOGENE DJ1; DJ1,New_due_to_higher_export_limit,,520,,false
*609806,HYDROXYMETHYLBILANE SYNTHASE; HMBS,New_due_to_higher_export_limit,,521,,false
*159555,LYSINE-SPECIFIC METHYLTRANSFERASE 2A; KMT2A,New_due_to_higher_export_limit,,522,,false
*136351,FMS-RELATED TYROSINE KINASE 3; FLT3,New_due_to_higher_export_limit,,523,,false
*600618,ETS VARIANT TRANSCRIPTION FACTOR 6; ETV6,New_due_to_higher_export_limit,,524,,false
*601021,"NUCLEOPORIN, 98-KD; NUP98",New_due_to_higher_export_limit,,525,,false
*116897,"CCAAT/ENHANCER-BINDING PROTEIN, ALPHA; CEBPA",New_due_to_higher_export_limit,,526,,false
*189980,"ABL PROTOONCOGENE 1, NONRECEPTOR TYROSINE KINASE; ABL1",New_due_to_higher_export_limit,,527,,false
*602769,DNA METHYLTRANSFERASE 3A; DNMT3A,New_due_to_higher_export_limit,,528,,false
*151410,BCR ACTIVATOR OF RhoGEF AND GTPase; BCR,New_due_to_higher_export_limit,,529,,false
#176200,VARIEGATE PORPHYRIA; VP,New_due_to_higher_export_limit,,530,,false
*164040,"NUCLEOPHOSMIN/NUCLEOPLASMIN FAMILY, MEMBER 1; NPM1",New_due_to_higher_export_limit,,531,,false
#202700,"NEUTROPENIA, SEVERE CONGENITAL, 1, AUTOSOMAL DOMINANT; SCN1",New_due_to_higher_export_limit,,532,,false
*114350,"NUCLEOPORIN, 214-KD; NUP214",New_due_to_higher_export_limit,,533,,false
*191170,TUMOR PROTEIN p53; TP53,New_due_to_higher_export_limit,,534,,false
#276700,"TYROSINEMIA, TYPE I; TYRSN1",New_due_to_higher_export_limit,,535,,false
*147141,TRANSCRIPTION FACTOR 3; TCF3,New_due_to_higher_export_limit,,536,,false
*173320,RIBONUCLEASE/ANGIOGENIN INHIBITOR 1; RNH1,New_due_to_higher_export_limit,,537,,false
#231670,GLUTARIC ACIDEMIA I; GA1,New_due_to_higher_export_limit,,538,,false
*164160,LEPTIN; LEP,New_due_to_higher_export_limit,,539,,false
*600160,CYCLIN-DEPENDENT KINASE INHIBITOR 2A; CDKN2A,New_due_to_higher_export_limit,,540,,false
*125270,DELTA-AMINOLEVULINATE DEHYDRATASE; ALAD,New_due_to_higher_export_limit,,541,,false
*179710,REGULATOR OF CHROMOSOME CONDENSATION 1; RCC1,New_due_to_higher_export_limit,,542,,false
*190030,"FES PROTOONCOGENE, TYROSINE KINASE; FES",New_due_to_higher_export_limit,,543,,false
#613070,"LIVER FAILURE, INFANTILE, TRANSIENT; LFIT",New_due_to_higher_export_limit,,544,,false
#121300,"COPROPORPHYRIA, HEREDITARY; HCP",New_due_to_higher_export_limit,,545,,false
*176797,ZINC FINGER- AND BTB DOMAIN-CONTAINING PROTEIN 16; ZBTB16,New_due_to_higher_export_limit,,546,,false
#616878,"METABOLIC CRISES, RECURRENT, WITH RHABDOMYOLYSIS, CARDIAC ARRHYTHMIAS, AND NEURODEGENERATION; MECRCN",New_due_to_higher_export_limit,,547,,false
#608232,"LEUKEMIA, CHRONIC MYELOID; CML",New_due_to_higher_export_limit,,548,,false
#620704,"ENCEPHALOPATHY, PORPHYRIA-RELATED; ENCEP",New_due_to_higher_export_limit,,549,,false
*159556,MLLT1 SUPER ELONGATION COMPLEX SUBUNIT; MLLT1,New_due_to_higher_export_limit,,550,,false
*600140,CREB-BINDING PROTEIN; CREBBP,New_due_to_higher_export_limit,,551,,false
*138971,"COLONY-STIMULATING FACTOR 3 RECEPTOR, GRANULOCYTE; CSF3R",New_due_to_higher_export_limit,,552,,false
*300335,ANGIOTENSIN I-CONVERTING ENZYME 2; ACE2,New_due_to_higher_export_limit,,553,,false
*305371,GATA-BINDING PROTEIN 1; GATA1,New_due_to_higher_export_limit,,554,,false
#190685,DOWN SYNDROME,New_due_to_higher_export_limit,,555,,false
*121360,"CORE-BINDING FACTOR, BETA SUBUNIT; CBFB",New_due_to_higher_export_limit,,556,,false
*606989,MYELOPEROXIDASE; MPO,New_due_to_higher_export_limit,,557,,false
*607982,SCY1-LIKE 1; SCYL1,New_due_to_higher_export_limit,,558,,false
*167414,PAIRED BOX GENE 5; PAX5,New_due_to_higher_export_limit,,559,,false
#106100,"ANGIOEDEMA, HEREDITARY, 1; HAE1",New_due_to_higher_export_limit,,560,,false
#535000,LEBER OPTIC ATROPHY,New_due_to_higher_export_limit,,561,,false
#613710,THIAMINE METABOLISM DYSFUNCTION SYNDROME 4 (BILATERAL STRIATAL DEGENERATION AND PROGRESSIVE POLYNEUROPATHY TYPE); THMD4,New_due_to_higher_export_limit,,562,,false
#616483,INFANTILE LIVER FAILURE SYNDROME 2; ILFS2,New_due_to_higher_export_limit,,563,,false
#618641,INFANTILE LIVER FAILURE SYNDROME 3; ILFS3,New_due_to_higher_export_limit,,564,,false
*607024,DEBRANCHING RNA LARIATS 1; DBR1,New_due_to_higher_export_limit,,565,,false
*608107,"MEFV INNATE IMMUNITY REGULATOR, PYRIN; MEFV",New_due_to_higher_export_limit,,566,,false
#609016,LONG-CHAIN 3-HYDROXYACYL-CoA DEHYDROGENASE DEFICIENCY,New_due_to_higher_export_limit,,567,,false
#610424,"HEPATITIS B VIRUS, SUSCEPTIBILITY TO",New_due_to_higher_export_limit,,568,,false
#601338,"CEREBELLAR ATAXIA, AREFLEXIA, PES CAVUS, OPTIC ATROPHY, AND SENSORINEURAL HEARING LOSS; CAPOS",New_due_to_higher_export_limit,,569,,false
#260400,SHWACHMAN-DIAMOND SYNDROME 1; SDS1,New_due_to_higher_export_limit,,570,,false
#300323,"HYPERURICEMIA, HPRT-RELATED; HRH",New_due_to_higher_export_limit,,571,,false
#614038,"LYMPHEDEMA, PRIMARY, WITH MYELODYSPLASIA",New_due_to_higher_export_limit,,572,,false
#619864,"LEUKODYSTROPHY, CHILDHOOD-ONSET, REMITTING; CORLK",New_due_to_higher_export_limit,,573,,false
*187270,TELOMERASE REVERSE TRANSCRIPTASE; TERT,New_due_to_higher_export_limit,,574,,false
*600650,CARNITINE PALMITOYLTRANSFERASE II; CPT2,New_due_to_higher_export_limit,,575,,false
*600890,"HYDROXYACYL-CoA DEHYDROGENASE/3-KETOACYL-CoA THIOLASE/ENOYL-CoA HYDRATASE, ALPHA SUBUNIT; HADHA",New_due_to_higher_export_limit,,576,,false
*137295,GATA-BINDING PROTEIN 2; GATA2,New_due_to_higher_export_limit,,577,,false
*142981,HOMEOBOX D4; HOXD4,New_due_to_higher_export_limit,,578,,false
*601728,PHOSPHATASE AND TENSIN HOMOLOG; PTEN,New_due_to_higher_export_limit,,579,,false
*602170,MYD88 INNATE IMMUNE SIGNAL TRANSDUCTION ADAPTOR; MYD88,New_due_to_higher_export_limit,,580,,false
*603023,IKAROS FAMILY ZINC FINGER 1; IKZF1,New_due_to_higher_export_limit,,581,,false
*300694,MICRO RNA 223; MIR223,New_due_to_higher_export_limit,,582,,false
*619378,"SMALL NUCLEOLAR RNA, H/ACA BOX, 31; SNORA31",New_due_to_higher_export_limit,,583,,false
#178500,INTERSTITIAL LUNG DISEASE 2; ILD2,New_due_to_higher_export_limit,,584,,false
#231680,MULTIPLE ACYL-CoA DEHYDROGENASE DEFICIENCY; MADD,New_due_to_higher_export_limit,,585,,false
#252270,MONOSOMY 7 MYELODYSPLASIA AND LEUKEMIA SYNDROME 1; M7MLS1,New_due_to_higher_export_limit,,586,,false
#610460,"THIOPURINES, POOR METABOLISM OF, 1; THPM1",New_due_to_higher_export_limit,,587,,false
#620483,"VARIEGATE PORPHYRIA, CHILDHOOD-ONSET; VPCO",New_due_to_higher_export_limit,,588,,false
*124092,INTERLEUKIN 10; IL10,New_due_to_higher_export_limit,,589,,false
*141900,HEMOGLOBIN--BETA LOCUS; HBB,New_due_to_higher_export_limit,,590,,false
*142385,HEPATIC LEUKEMIA FACTOR; HLF,New_due_to_higher_export_limit,,591,,false
*601181,RAN-BINDING PROTEIN 2; RANBP2,New_due_to_higher_export_limit,,592,,false
*601408,LYSINE ACETYLTRANSFERASE 6A; KAT6A,New_due_to_higher_export_limit,,593,,false
*605312,GROWTH/DIFFERENTIATION FACTOR 15; GDF15,New_due_to_higher_export_limit,,594,,false
*606411,"SOLUTE CARRIER FAMILY 13 (SODIUM-DEPENDENT DICARBOXYLATE TRANSPORTER), MEMBER 3; SLC13A3",New_due_to_higher_export_limit,,595,,false
#500009,"MITOCHONDRIAL MYOPATHY, INFANTILE, TRANSIENT; MMIT",New_due_to_higher_export_limit,,596,,false
#614742,"PULMONARY FIBROSIS AND/OR BONE MARROW FAILURE SYNDROME, TELOMERE-RELATED, 1; PFBMFT1",New_due_to_higher_export_limit,,597,,false
#614962,LEPTIN DEFICIENCY OR DYSFUNCTION; LEPD,New_due_to_higher_export_limit,,598,,false
#615751,"CARBONIC ANHYDRASE VA DEFICIENCY, HYPERAMMONEMIA DUE TO; CA5AD",New_due_to_higher_export_limit,,599,,false
#615879,TATTON-BROWN-RAHMAN SYNDROME; TBRS,New_due_to_higher_export_limit,,600,,false
#618321,"ENCEPHALOPATHY, PROGRESSIVE, EARLY-ONSET, WITH BRAIN EDEMA AND/OR LEUKOENCEPHALOPATHY, 2; PEBEL2",New_due_to_higher_export_limit,,601,,false
#619935,"IMMUNODEFICIENCY 106, SUSCEPTIBILITY TO VIRAL INFECTIONS; IMD106",New_due_to_higher_export_limit,,602,,false
107700,"APPENDICITIS, PRONENESS TO",New_due_to_higher_export_limit,,603,,false
*159557,ALF TRANSCRIPTION ELONGATION FACTOR 1; AFF1,New_due_to_higher_export_limit,,604,,false
*165215,MDS1 AND EVI1 COMPLEX LOCUS; MECOM,New_due_to_higher_export_limit,,605,,false
*180385,LIM DOMAIN ONLY 2; LMO2,New_due_to_higher_export_limit,,606,,false
*604176,SUPPRESSOR OF CYTOKINE SIGNALING 3; SOCS3,New_due_to_higher_export_limit,,607,,false
*190070,"KRAS PROTOONCOGENE, GTPase; KRAS",New_due_to_higher_export_limit,,608,,false
#118600,CHONDROCALCINOSIS 2; CCAL2,New_due_to_higher_export_limit,,609,,false
#201710,LIPOID CONGENITAL ADRENAL HYPERPLASIA; LCAH,New_due_to_higher_export_limit,,610,,false
#210210,3-METHYLCROTONYL-CoA CARBOXYLASE 2 DEFICIENCY; MCC2D,New_due_to_higher_export_limit,,611,,false
#220150,"HYPOURICEMIA, RENAL, 1; RHUC1",New_due_to_higher_export_limit,,612,,false
#246450,3-HYDROXY-3-METHYLGLUTARYL-CoA LYASE DEFICIENCY; HMGCLD,New_due_to_higher_export_limit,,613,,false
#277400,"METHYLMALONIC ACIDURIA AND HOMOCYSTINURIA, cblC TYPE; MAHCC",New_due_to_higher_export_limit,,614,,false
#605724,"FANCONI ANEMIA, COMPLEMENTATION GROUP D1; FANCD1",New_due_to_higher_export_limit,,615,,false
#618886,PSEUDO-TORCH SYNDROME 3; PTORCH3,New_due_to_higher_export_limit,,616,,false
#620730,"HYPEREMESIS GRAVIDARUM, SUSCEPTIBILITY TO; HG",New_due_to_higher_export_limit,,617,,false
*164720,"ETS PROTOONCOGENE 1, TRANSCRIPTION FACTOR; ETS1",New_due_to_higher_export_limit,,618,,false
*164740,"ETS PROTOONCOGENE 2, TRANSCRIPTION FACTOR; ETS2",New_due_to_higher_export_limit,,619,,false
*165080,ETS TRANSCRIPTION FACTOR ERG; ERG,New_due_to_higher_export_limit,,620,,false
*165170,SPI1 PROTOONCOGENE; SPI1,New_due_to_higher_export_limit,,621,,false
*187680,THIOPURINE S-METHYLTRANSFERASE; TPMT,New_due_to_higher_export_limit,,622,,false
*600049,MDS1 GENE; MDS1,New_due_to_higher_export_limit,,623,,false
*600832,"ACIDIC NUCLEAR PHOSPHOPROTEIN 32 FAMILY, MEMBER A; ANP32A",New_due_to_higher_export_limit,,624,,false
*609927,VPS37A SUBUNIT OF ESCRIT-I; VPS37A,New_due_to_higher_export_limit,,625,,false
*611817,"KILLER CELL LECTIN-LIKE RECEPTOR, SUBFAMILY K, MEMBER 1; KLRK1",New_due_to_higher_export_limit,,626,,false
*125264,DEK ONCOGENE; DEK,New_due_to_higher_export_limit,,627,,false
*142857,"MAJOR HISTOCOMPATIBILITY COMPLEX, CLASS II, DR BETA-1; HLA-DRB1",New_due_to_higher_export_limit,,628,,false
*602667,NIBRIN; NBN,New_due_to_higher_export_limit,,629,,false
*603025,PHOSPHATIDYLINOSITOL-BINDING CLATHRIN ASSEMBLY PROTEIN; PICALM,New_due_to_higher_export_limit,,630,,false
*603109,SMAD FAMILY MEMBER 3; SMAD3,New_due_to_higher_export_limit,,631,,false
*607601,TIR DOMAIN-CONTAINING ADAPTOR MOLECULE 1; TICAM1,New_due_to_higher_export_limit,,632,,false
*190180,"TRANSFORMING GROWTH FACTOR, BETA-1; TGFB1",New_due_to_higher_export_limit,,633,,false
#159550,ATAXIA-PANCYTOPENIA SYNDROME; ATXPC,New_due_to_higher_export_limit,,634,,false
#180200,RETINOBLASTOMA; RB1,New_due_to_higher_export_limit,,635,,false
#612076,"HYPOURICEMIA, RENAL, 2; RHUC2",New_due_to_higher_export_limit,,636,,false
#614286,MYELODYSPLASTIC SYNDROME; MDS,New_due_to_higher_export_limit,,637,,false
#616345,"IMMUNODEFICIENCY 39, SUSCEPTIBILITY TO VIRAL INFECTIONS; IMD39",New_due_to_higher_export_limit,,638,,false
#618549,"HEPATITIS, FULMINANT VIRAL, SUSCEPTIBILITY TO; FVH",New_due_to_higher_export_limit,,639,,false
#126200,"MULTIPLE SCLEROSIS, SUSCEPTIBILITY TO; MS",New_due_to_higher_export_limit,,640,,false
#212140,"CARNITINE DEFICIENCY, SYSTEMIC PRIMARY; CDSP",New_due_to_higher_export_limit,,641,,false
#245050,SUCCINYL-CoA:3-OXOACID-CoA TRANSFERASE DEFICIENCY; SCOTD,New_due_to_higher_export_limit,,642,,false
#606762,"HYPERINSULINEMIC HYPOGLYCEMIA, FAMILIAL, 6; HHF6",New_due_to_higher_export_limit,,643,,false
#237310,N-ACETYLGLUTAMATE SYNTHASE DEFICIENCY; NAGSD,New_due_to_higher_export_limit,,644,,false
#238970,HYPERORNITHINEMIA-HYPERAMMONEMIA-HOMOCITRULLINURIA SYNDROME; HHHS,New_due_to_higher_export_limit,,645,,false
#617186,"ENCEPHALOPATHY, PROGRESSIVE, EARLY-ONSET, WITH BRAIN EDEMA AND/OR LEUKOENCEPHALOPATHY, 1; PEBEL1",New_due_to_higher_export_limit,,646,,false
#619644,IMMUNODEFICIENCY 91 AND HYPERINFLAMMATION; IMD91,New_due_to_higher_export_limit,,647,,false
#621405,IMMUNODEFICIENCY 134 (EPSTEIN-BARR VIRUS-SPECIFIC); IMD134,New_due_to_higher_export_limit,,648,,false
178400,"PULMONARY EDEMA OF MOUNTAINEERS, SUSCEPTIBILITY TO",New_due_to_higher_export_limit,,649,,false
*146661,INTERLEUKIN 7 RECEPTOR; IL7R,New_due_to_higher_export_limit,,650,,false
*147700,"ISOCITRATE DEHYDROGENASE, NADP(+), 1; IDH1",New_due_to_higher_export_limit,,651,,false
*160745,"MYOSIN, HEAVY CHAIN 11, SMOOTH MUSCLE; MYH11",New_due_to_higher_export_limit,,652,,false
*180230,"RETINOIC ACID-BINDING PROTEIN, CELLULAR, TYPE I; CRABP1",New_due_to_higher_export_limit,,653,,false
*189990,"MYB PROTOONCOGENE, TRANSCRIPTION FACTOR; MYB",New_due_to_higher_export_limit,,654,,false
*600040,BCL2-ASSOCIATED X PROTEIN; BAX,New_due_to_higher_export_limit,,655,,false
*600185,BRCA2 DNA REPAIR-ASSOCIATED PROTEIN; BRCA2,New_due_to_higher_export_limit,,656,,false
*611249,MICRO RNA LET7B; MIRLET7B,New_due_to_higher_export_limit,,657,,false
*611769,MICRO RNA 128-2; MIR128-2,New_due_to_higher_export_limit,,658,,false
*611774,MICRO RNA 128-1; MIR128-1,New_due_to_higher_export_limit,,659,,false
*613871,FUMARYLACETOACETATE HYDROLASE; FAH,New_due_to_higher_export_limit,,660,,false
*615792,NUDIX HYDROLASE 15; NUDT15,New_due_to_higher_export_limit,,661,,false
*139380,"GUANINE NUCLEOTIDE-BINDING PROTEIN, BETA-1; GNB1",New_due_to_higher_export_limit,,662,,false
*142800,"MAJOR HISTOCOMPATIBILITY COMPLEX, CLASS I, A; HLA-A",New_due_to_higher_export_limit,,663,,false
*601763,"CASPASE 8, APOPTOSIS-RELATED CYSTEINE PROTEASE; CASP8",New_due_to_higher_export_limit,,664,,false
*601993,NUCLEAR RECEPTOR COACTIVATOR 2; NCOA2,New_due_to_higher_export_limit,,665,,false
*602076,"TRANSIENT RECEPTOR POTENTIAL CATION CHANNEL, SUBFAMILY V, MEMBER 1; TRPV1",New_due_to_higher_export_limit,,666,,false
*191045,"TROPONIN T2, CARDIAC; TNNT2",New_due_to_higher_export_limit,,667,,false
*191740,"UDP-GLYCOSYLTRANSFERASE 1 FAMILY, POLYPEPTIDE A1; UGT1A1",New_due_to_higher_export_limit,,668,,false
*604491,CAS-BR-M MURINE ECOTROPIC RETROVIRAL TRANSFORMING SEQUENCE B; CBLB,New_due_to_higher_export_limit,,669,,false
*605384,INTERLEUKIN 21; IL21,New_due_to_higher_export_limit,,670,,false
*606077,RNA-BINDING MOTIF PROTEIN 15; RBM15,New_due_to_higher_export_limit,,671,,false
*608382,"DNAJ/HSP40 HOMOLOG, SUBFAMILY A, MEMBER 3; DNAJA3",New_due_to_higher_export_limit,,672,,false
*190060,"MOS PROTOONCOGENE, SERINE/THREONINE KINASE; MOS",New_due_to_higher_export_limit,,673,,false
*190080,"MYC PROTOONCOGENE, bHLH TRANSCRIPTION FACTOR; MYC",New_due_to_higher_export_limit,,674,,false
*190120,"THYROID HORMONE RECEPTOR, ALPHA-1; THRA",New_due_to_higher_export_limit,,675,,false
*621197,BEN DOMAIN-CONTAINING PROTEIN 4; BEND4,New_due_to_higher_export_limit,,676,,false
#148200,KERATOENDOTHELIITIS FUGAX HEREDITARIA; KEFH,New_due_to_higher_export_limit,,677,,false
#162500,"NEUROPATHY, HEREDITARY, WITH LIABILITY TO PRESSURE PALSIES; HNPP",New_due_to_higher_export_limit,,678,,false
#169500,"LEUKODYSTROPHY, DEMYELINATING, ADULT-ONSET, AUTOSOMAL DOMINANT, TYPICAL; ADLDTY",New_due_to_higher_export_limit,,679,,false
#610738,"NEUTROPENIA, SEVERE CONGENITAL, 3, AUTOSOMAL RECESSIVE; SCN3",New_due_to_higher_export_limit,,680,,false
#612300,"HEMOLYTIC ANEMIA, CD59-MEDIATED, WITH OR WITHOUT IMMUNE-MEDIATED POLYNEUROPATHY; HACD59",New_due_to_higher_export_limit,,681,,false
#614458,THIAMINE METABOLISM DYSFUNCTION SYNDROME 5 (EPISODIC ENCEPHALOPATHY TYPE); THMD5,New_due_to_higher_export_limit,,682,,false
#615008,"NEPHROTIC SYNDROME, TYPE 7; NPHS7",New_due_to_higher_export_limit,,683,,false
#615438,INFANTILE LIVER FAILURE SYNDROME 1; ILFS1,New_due_to_higher_export_limit,,684,,false
#615947,"HYPERLIPOPROTEINEMIA, TYPE ID",New_due_to_higher_export_limit,,685,,false
#618523,"HYPER-IgE SYNDROME 4B, AUTOSOMAL RECESSIVE, WITH RECURRENT INFECTIONS; HIES4B",New_due_to_higher_export_limit,,686,,false
#210900,BLOOM SYNDROME; BLM,New_due_to_higher_export_limit,,687,,false
#227650,"FANCONI ANEMIA, COMPLEMENTATION GROUP A; FANCA",New_due_to_higher_export_limit,,688,,false
#229600,"FRUCTOSE INTOLERANCE, HEREDITARY; HFI",New_due_to_higher_export_limit,,689,,false
#604173,POIKILODERMA WITH NEUTROPENIA; PN,New_due_to_higher_export_limit,,690,,false
#248600,"MAPLE SYRUP URINE DISEASE, TYPE IA; MSUD1A",New_due_to_higher_export_limit,,691,,false
#249100,FAMILIAL MEDITERRANEAN FEVER; FMF,New_due_to_higher_export_limit,,692,,false
#261680,"PHOSPHOENOLPYRUVATE CARBOXYKINASE DEFICIENCY, CYTOSOLIC; PCKDC",New_due_to_higher_export_limit,,693,,false
#277590,WEAVER SYNDROME; WVS,New_due_to_higher_export_limit,,694,,false
#277900,WILSON DISEASE; WND,New_due_to_higher_export_limit,,695,,false
#607624,"GRISCELLI SYNDROME, TYPE 2; GS2",New_due_to_higher_export_limit,,696,,false
#301109,"AUTOINFLAMMATORY DISEASE, MULTISYSTEM, WITH IMMUNE DYSREGULATION, X-LINKED; ADMIDX",New_due_to_higher_export_limit,,697,,false
#301110,"HEMOLYTIC UREMIC SYNDROME, ATYPICAL, 8, WITH RHIZOMELIC SHORT STATURE; AHUS8",New_due_to_higher_export_limit,,698,,false
#310200,"MUSCULAR DYSTROPHY, DUCHENNE TYPE; DMD",New_due_to_higher_export_limit,,699,,false
#618892,HARDEROPORPHYRIA; HARPO,New_due_to_higher_export_limit,,700,,false
#618973,SODIUM-DEPENDENT MULTIVITAMIN TRANSPORTER DEFICIENCY; SMVTD,New_due_to_higher_export_limit,,701,,false
#619175,PROTEASOME-ASSOCIATED AUTOINFLAMMATORY SYNDROME 5; PRAAS5,New_due_to_higher_export_limit,,702,,false
#619382,"LEBER-LIKE HEREDITARY OPTIC NEUROPATHY, AUTOSOMAL RECESSIVE 1; LHONAR1",New_due_to_higher_export_limit,,703,,false
#619812,"BLOOD GROUP, EMM SYSTEM; EMM",New_due_to_higher_export_limit,,704,,false
#619824,"AGAMMAGLOBULINEMIA 8B, AUTOSOMAL RECESSIVE; AGM8B",New_due_to_higher_export_limit,,705,,false
#620565,IMMUNODEFICIENCY 113 WITH AUTOIMMUNITY AND AUTOINFLAMMATION; IMD113,New_due_to_higher_export_limit,,706,,false
#620569,"LEBER-LIKE HEREDITARY OPTIC NEUROPATHY, AUTOSOMAL RECESSIVE 2; LHONAR2",New_due_to_higher_export_limit,,707,,false
#621063,MUGGENTHALER-CHOWDHURY-CHIOZA SYNDROME; MCCS,New_due_to_higher_export_limit,,708,,false
%160010,"MYOGLOBINURIA, AUTOSOMAL DOMINANT",New_due_to_higher_export_limit,,709,,false
*147558,"INTEGRIN, BETA-6; ITGB6",New_due_to_higher_export_limit,,710,,false
*147575,INTERFERON REGULATORY FACTOR 1; IRF1,New_due_to_higher_export_limit,,711,,false
*147650,"ISOCITRATE DEHYDROGENASE, NADP(+), 2; IDH2",New_due_to_higher_export_limit,,712,,false
*147670,INSULIN RECEPTOR; INSR,New_due_to_higher_export_limit,,713,,false
*147720,INTERLEUKIN 1-BETA; IL1B,New_due_to_higher_export_limit,,714,,false
*147740,INTERLEUKIN 3; IL3,New_due_to_higher_export_limit,,715,,false
*159559,AFADIN; AFDN,New_due_to_higher_export_limit,,716,,false
*164790,"NRAS PROTOONCOGENE, GTPase; NRAS",New_due_to_higher_export_limit,,717,,false
*164920,"KIT PROTOONCOGENE, RECEPTOR TYROSINE KINASE; KIT",New_due_to_higher_export_limit,,718,,false
*104750,SERUM AMYLOID A1; SAA1,New_due_to_higher_export_limit,,719,,false
*176310,PRE-B-CELL LEUKEMIA TRANSCRIPTION FACTOR 1; PBX1,New_due_to_higher_export_limit,,720,,false
*180474,RIBOSOMAL PROTEIN L22; RPL22,New_due_to_higher_export_limit,,721,,false
*186770,"T-CELL LEUKEMIA, HOMEOBOX 1; TLX1",New_due_to_higher_export_limit,,722,,false
*186880,T-CELL RECEPTOR ALPHA CHAIN CONSTANT REGION; TRAC,New_due_to_higher_export_limit,,723,,false
*600284,ELONGATION FACTOR RNA POLYMERASE II; ELL,New_due_to_higher_export_limit,,724,,false
*600861,REGULATOR OF G PROTEIN SIGNALING 2; RGS2,New_due_to_higher_export_limit,,725,,false
*600923,PROTOPORPHYRINOGEN OXIDASE; PPOX,New_due_to_higher_export_limit,,726,,false
*608961,"TRANSIENT RECEPTOR POTENTIAL CATION CHANNEL, SUBFAMILY M, MEMBER 3; TRPM3",New_due_to_higher_export_limit,,727,,false
*609337,MICRO RNA 155; MIR155,New_due_to_higher_export_limit,,728,,false
*610782,MICRO RNA 29A; MIR29A,New_due_to_higher_export_limit,,729,,false
*611060,SET-BINDING PROTEIN 1; SETBP1,New_due_to_higher_export_limit,,730,,false
*138981,"GRANULOCYTE-MACROPHAGE COLONY-STIMULATING FACTOR RECEPTOR, BETA; CSF2RB",New_due_to_higher_export_limit,,731,,false
*142858,"MAJOR HISTOCOMPATIBILITY COMPLEX, CLASS II, DP BETA-1; HLA-DPB1",New_due_to_higher_export_limit,,732,,false
*601172,CHONDROITIN SULFATE PROTEOGLYCAN 4; CSPG4,New_due_to_higher_export_limit,,733,,false
*601470,"CHEMOKINE, CX3C MOTIF, RECEPTOR 1; CX3CR1",New_due_to_higher_export_limit,,734,,false
*601768,"SH3 DOMAIN, GRB2-LIKE, 1; SH3GL1",New_due_to_higher_export_limit,,735,,false
*193210,"INTEGRIN, ALPHA-V; ITGAV",New_due_to_higher_export_limit,,736,,false
*603149,INTERLEUKIN 17A; IL17A,New_due_to_higher_export_limit,,737,,false
*603551,HYALURONOGLUCOSAMINIDASE 2; HYAL2,New_due_to_higher_export_limit,,738,,false
*604834,TANK-BINDING KINASE 1; TBK1,New_due_to_higher_export_limit,,739,,false
*604895,T-BOX TRANSCRIPTION FACTOR 21; TBX21,New_due_to_higher_export_limit,,740,,false
*605166,HISTONE DEACETYLASE 3; HDAC3,New_due_to_higher_export_limit,,741,,false
*605330,INTERLEUKIN 22; IL22,New_due_to_higher_export_limit,,742,,false
*300033,FORKHEAD BOX O4; FOXO4,New_due_to_higher_export_limit,,743,,false
*606021,PRAME NUCLEAR RECEPTOR TRANSCRIPTIONAL REGULATOR; PRAME,New_due_to_higher_export_limit,,744,,false
*606078,MYOCARDIN-RELATED TRANSCRIPTION FACTOR A; MRTFA,New_due_to_higher_export_limit,,745,,false
*606678,"TRANSIENT RECEPTOR POTENTIAL CATION CHANNEL, SUBFAMILY M, MEMBER 8; TRPM8",New_due_to_higher_export_limit,,746,,false
*607048,START DOMAIN-CONTAINING PROTEIN 3; STARD3,New_due_to_higher_export_limit,,747,,false
*608025,NBAS SUBUNIT OF NRZ TETHERING COMPLEX; NBAS,New_due_to_higher_export_limit,,748,,false
*608300,N-ACETYLGLUTAMATE SYNTHASE; NAGS,New_due_to_higher_export_limit,,749,,false
*300377,DYSTROPHIN; DMD,New_due_to_higher_export_limit,,750,,false
*602396,ANNEXIN A8; ANXA8,New_due_to_higher_export_limit,,751,,false
*605580,INTERLEUKIN 23-ALPHA; IL23A,New_due_to_higher_export_limit,,752,,false
*608801,GLUTARYL-CoA DEHYDROGENASE; GCDH,New_due_to_higher_export_limit,,753,,false
#117300,"CEREBRAL AMYLOID ANGIOPATHY, ITM2B-RELATED, 2",New_due_to_higher_export_limit,,754,,false
#173100,"ISOLATED GROWTH HORMONE DEFICIENCY, TYPE II; IGHD2",New_due_to_higher_export_limit,,755,,false
#177650,EXFOLIATION SYNDROME; XFS,New_due_to_higher_export_limit,,756,,false
#610006,2-METHYLBUTYRYL-CoA DEHYDROGENASE DEFICIENCY,New_due_to_higher_export_limit,,757,,false
#610090,PYRIDOXAMINE 5-PRIME-PHOSPHATE OXIDASE DEFICIENCY; PNPOD,New_due_to_higher_export_limit,,758,,false
#611895,AMYOTROPHIC LATERAL SCLEROSIS 9; ALS9,New_due_to_higher_export_limit,,759,,false
#612933,GLYCOGEN STORAGE DISEASE XI; GSD11,New_due_to_higher_export_limit,,760,,false
#613098,"INCREASED ANALGESIA FROM KAPPA-OPIOID RECEPTOR AGONIST, FEMALE-SPECIFIC",New_due_to_higher_export_limit,,761,,false
#614372,MANNOSE-BINDING LECTIN DEFICIENCY; MBLD,New_due_to_higher_export_limit,,762,,false
#614388,ENCEPHALOPATHY DUE TO DEFECTIVE MITOCHONDRIAL AND PEROXISOMAL FISSION 1; EMPF1,New_due_to_higher_export_limit,,763,,false
#614399,"CONGENITAL MYOPATHY 10A, SEVERE VARIANT; CMYO10A",New_due_to_higher_export_limit,,764,,false
#615273,CONGENITAL DISORDER OF DEGLYCOSYLATION 1; CDDG1,New_due_to_higher_export_limit,,765,,false
#615616,"ARRHYTHMOGENIC RIGHT VENTRICULAR DYSPLASIA, FAMILIAL, 13; ARVD13",New_due_to_higher_export_limit,,766,,false
#616052,"MUSCULAR DYSTROPHY-DYSTROGLYCANOPATHY (LIMB-GIRDLE), TYPE C, 7; MDDGC7",New_due_to_higher_export_limit,,767,,false
#617974,"SPONDYLOEPIMETAPHYSEAL DYSPLASIA, DI ROCCO TYPE; SEMDDR",New_due_to_higher_export_limit,,768,,false
#618266,"PONTOCEREBELLAR HYPOPLASIA, TYPE 12; PCH12",New_due_to_higher_export_limit,,769,,false
#618512,O'DONNELL-LURIA-RODAN SYNDROME; ODLURO,New_due_to_higher_export_limit,,770,,false
#133020,"ERYTHERMALGIA, PRIMARY",New_due_to_higher_export_limit,,771,,false
#601494,"CARDIOMYOPATHY, DILATED, 1D; CMD1D",New_due_to_higher_export_limit,,772,,false
#601813,EXUDATIVE VITREORETINOPATHY 4; EVR4,New_due_to_higher_export_limit,,773,,false
#192430,VELOCARDIOFACIAL SYNDROME; VCFS,New_due_to_higher_export_limit,,774,,false
#192600,"CARDIOMYOPATHY, FAMILIAL HYPERTROPHIC, 1; CMH1",New_due_to_higher_export_limit,,775,,false
#212720,MARTSOLF SYNDROME 1; MARTS1,New_due_to_higher_export_limit,,776,,false
#223900,"DYSAUTONOMIA, FAMILIAL; FD",New_due_to_higher_export_limit,,777,,false
#228550,"MYOFIBROMATOSIS, INFANTILE, 1; IMF1",New_due_to_higher_export_limit,,778,,false
#243180,"VISCERAL NEUROPATHY, FAMILIAL, 1, AUTOSOMAL RECESSIVE; VSCN1",New_due_to_higher_export_limit,,779,,false
#245340,ERYTHROCYTE LACTATE TRANSPORTER DEFECT,New_due_to_higher_export_limit,,780,,false
#251290,PSEUDO-TORCH SYNDROME 1; PTORCH1,New_due_to_higher_export_limit,,781,,false
#254500,"MYELOMA, MULTIPLE",New_due_to_higher_export_limit,,782,,false
#259900,"HYPEROXALURIA, PRIMARY, TYPE I; HP1",New_due_to_higher_export_limit,,783,,false
#607822,ALZHEIMER DISEASE 3; AD3,New_due_to_higher_export_limit,,784,,false
#300291,ECTODERMAL DYSPLASIA AND IMMUNODEFICIENCY 1; EDAID1,New_due_to_higher_export_limit,,785,,false
#309900,"MUCOPOLYSACCHARIDOSIS, TYPE II; MPS2",New_due_to_higher_export_limit,,786,,false
#242500,"ICHTHYOSIS, CONGENITAL, AUTOSOMAL RECESSIVE 4B; ARCI4B",New_due_to_higher_export_limit,,787,,false
#612422,"CARDIOMYOPATHY, FAMILIAL RESTRICTIVE, 3; RCM3",New_due_to_higher_export_limit,,788,,false
#619445,"DIARRHEA 12, WITH MICROVILLUS ATROPHY; DIAR12",New_due_to_higher_export_limit,,789,,false
#619472,VISS SYNDROME; VISS,New_due_to_higher_export_limit,,790,,false
#620658,"AMYLOIDOSIS, HEREDITARY SYSTEMIC 5; AMYLD5",New_due_to_higher_export_limit,,791,,false
#621270,"CARDIOMYOPATHY, FAMILIAL HYPERTROPHIC, 31; CMH31",New_due_to_higher_export_limit,,792,,false
#621373,"MOLYBDENUM COFACTOR DEFICIENCY, TYPE B2; MOCODB2",New_due_to_higher_export_limit,,793,,false
#621384,DEVELOPMENTAL DELAY WITH VARIABLE CARDIAC AND RENAL CONGENITAL ANOMALIES AND DYSMORPHIC FACIES; DEDCRF,New_due_to_higher_export_limit,,794,,false
#621511,LETHAL CONGENITAL CONTRACTURE SYNDROME 12; LCCS12,New_due_to_higher_export_limit,,795,,false
%613219,FASTING PLASMA GLUCOSE LEVEL QUANTITATIVE TRAIT LOCUS 2; FGQTL2,New_due_to_higher_export_limit,,796,,false
%613339,"EPILEPSY, HOT WATER, 1; HWE1",New_due_to_higher_export_limit,,797,,false
%605750,EXUDATIVE VITREORETINOPATHY 3; EVR3,New_due_to_higher_export_limit,,798,,false
106280,ANKYLOGLOSSIA WITH OR WITHOUT TOOTH ANOMALIES; ANKG,New_due_to_higher_export_limit,,799,,false
107320,"ANTIPHOSPHOLIPID SYNDROME, FAMILIAL",New_due_to_higher_export_limit,,800,,false
603174,HYPERHOMOCYSTEINEMIA,New_due_to_higher_export_limit,,801,,false
*155555,MELANOCORTIN 1 RECEPTOR; MC1R,New_due_to_higher_export_limit,,802,,false
*159540,LEUKEMIA-INHIBITORY FACTOR; LIF,New_due_to_higher_export_limit,,803,,false
*165070,FMS-RELATED TYROSINE KINASE 1; FLT1,New_due_to_higher_export_limit,,804,,false
*105850,ANGIOGENIN; ANG,New_due_to_higher_export_limit,,805,,false
*106195,"SOLUTE CARRIER FAMILY 4 (ANION EXCHANGER), MEMBER 3; SLC4A3",New_due_to_higher_export_limit,,806,,false
*107720,APOLIPOPROTEIN C-III; APOC3,New_due_to_higher_export_limit,,807,,false
*107770,LOW DENSITY LIPOPROTEIN RECEPTOR-RELATED PROTEIN 1; LRP1,New_due_to_higher_export_limit,,808,,false
*114760,CARBONIC ANHYDRASE IV; CA4,New_due_to_higher_export_limit,,809,,false
*120325,"COLLAGEN, TYPE XV, ALPHA-1; COL15A1",New_due_to_higher_export_limit,,810,,false
*172860,"SERPIN PEPTIDASE INHIBITOR, CLADE F, MEMBER 1; SERPINF1",New_due_to_higher_export_limit,,811,,false
*173510,CD36 ANTIGEN; CD36,New_due_to_higher_export_limit,,812,,false
*176790,"PROCOLLAGEN-PROLINE, 2-OXOGLUTARATE-4-DIOXYGENASE, BETA SUBUNIT; P4HB",New_due_to_higher_export_limit,,813,,false
*179820,RENIN; REN,New_due_to_higher_export_limit,,814,,false
*188840,TITIN; TTN,New_due_to_higher_export_limit,,815,,false
*600133,"LAMININ, ALPHA-4; LAMA4",New_due_to_higher_export_limit,,816,,false
*600228,"SODIUM CHANNEL, EPITHELIAL 1, ALPHA SUBUNIT; SCNN1A",New_due_to_higher_export_limit,,817,,false
*600713,"11-BETA-HYDROXYSTEROID DEHYDROGENASE, TYPE I; HSD11B1",New_due_to_higher_export_limit,,818,,false
*600715,THROMBOSPONDIN IV; THBS4,New_due_to_higher_export_limit,,819,,false
*600870,G PROTEIN-COUPLED RECEPTOR KINASE 5; GRK5,New_due_to_higher_export_limit,,820,,false
*609415,MICRO RNA 17 HOST GENE; MIR17HG,New_due_to_higher_export_limit,,821,,false
*609599,ANKYRIN REPEAT DOMAIN-CONTAINING PROTEIN 1; ANKRD1,New_due_to_higher_export_limit,,822,,false
*609841,"SOLUTE CARRIER FAMILY 8 (SODIUM/LITHIUM/CALCIUM EXCHANGER), MEMBER B1; SLC8B1",New_due_to_higher_export_limit,,823,,false
*611024,ZINC FINGER PROTEIN 667; ZNF667,New_due_to_higher_export_limit,,824,,false
*611651,"PHOSPHOLIPASE A2, GROUP III; PLA2G3",New_due_to_higher_export_limit,,825,,false
*611761,LIPASE MATURATION FACTOR 1; LMF1,New_due_to_higher_export_limit,,826,,false
*611861,ADP-DEPENDENT GLUCOKINASE; ADPGK,New_due_to_higher_export_limit,,827,,false
*613516,RUN DOMAIN- AND CYSTEINE-RICH DOMAIN-CONTAINING BECLIN-1-INTERACTING PROTEIN; RUBCN,New_due_to_higher_export_limit,,828,,false
*616241,METEORIN-LIKE PROTEIN; METRNL,New_due_to_higher_export_limit,,829,,false
*616484,TAX1-BINDING PROTEIN 3; TAX1BP3,New_due_to_higher_export_limit,,830,,false
*616891,SMALL TRANSMEMBRANE REGULATOR OF ION TRANSPORT 1; STRIT1,New_due_to_higher_export_limit,,831,,false
*618207,SEC1 FAMILY DOMAIN-CONTAINING PROTEIN 1; SCFD1,New_due_to_higher_export_limit,,832,,false
*618427,PROTON-ACTIVATED CHLORIDE CHANNEL 1; PACC1,New_due_to_higher_export_limit,,833,,false
*618556,ENERGY HOMEOSTASIS-ASSOCIATED PROTEIN; ENHO,New_due_to_higher_export_limit,,834,,false
*618623,"HIG1 HYPOXIA-INDUCIBLE DOMAIN FAMILY, MEMBER 1A; HIGD1A",New_due_to_higher_export_limit,,835,,false
*131240,ENDOTHELIN 1; EDN1,New_due_to_higher_export_limit,,836,,false
*138251,"GLUTAMATE RECEPTOR, IONOTROPIC, N-METHYL-D-ASPARTATE, ASSOCIATED PROTEIN; GRINA",New_due_to_higher_export_limit,,837,,false
*138254,"GLUTAMATE RECEPTOR, IONOTROPIC, N-METHYL-D-ASPARTATE, SUBUNIT 2C; GRIN2C",New_due_to_higher_export_limit,,838,,false
*142445,NEUREGULIN 1; NRG1,New_due_to_higher_export_limit,,839,,false
*601614,NETRIN 1; NTN1,New_due_to_higher_export_limit,,840,,false
*601772,"H2A HISTONE FAMILY, MEMBER X; H2AFX",New_due_to_higher_export_limit,,841,,false
*601810,DNA REPLICATION HELICASE/NUCLEASE 2; DNA2,New_due_to_higher_export_limit,,842,,false
*602717,"GLUTAMATE RECEPTOR, IONOTROPIC, N-METHYL-D-ASPARTATE, SUBUNIT 2D; GRIN2D",New_due_to_higher_export_limit,,843,,false
*602858,7-DEHYDROCHOLESTEROL REDUCTASE; DHCR7,New_due_to_higher_export_limit,,844,,false
*603501,POLY(ADP-RIBOSE) GLYCOHYDROLASE; PARG,New_due_to_higher_export_limit,,845,,false
*603538,KYNURENINE 3-MONOOXYGENASE; KMO,New_due_to_higher_export_limit,,846,,false
*604824,KLOTHO; KL,New_due_to_higher_export_limit,,847,,false
*604959,PHORBOL-12-MYRISTATE-13-ACETATE-INDUCED PROTEIN 1; PMAIP1,New_due_to_higher_export_limit,,848,,false
*605111,SPHINGOSINE-1-PHOSPHATE RECEPTOR 2; S1PR2,New_due_to_higher_export_limit,,849,,false
*605185,DELTA-LIKE CANONICAL NOTCH LIGAND 4; DLL4,New_due_to_higher_export_limit,,850,,false
*251170,MEVALONATE KINASE; MVK,New_due_to_higher_export_limit,,851,,false
*606356,TRANSMEMBRANE PROTEIN 123; TMEM123,New_due_to_higher_export_limit,,852,,false
*606448,THIOREDOXIN REDUCTASE 2; TXNRD2,New_due_to_higher_export_limit,,853,,false
*608202,CDK5 REGULATORY SUBUNIT-ASSOCIATED PROTEIN 3; CDK5RAP3,New_due_to_higher_export_limit,,854,,false
*166490,SECRETED PHOSPHOPROTEIN 1; SPP1,New_due_to_higher_export_limit,,855,,false
*601115,"GLUTAMATE RECEPTOR, METABOTROPIC, 3; GRM3",New_due_to_higher_export_limit,,856,,false
*311870,"PHOSPHORYLASE KINASE, MUSCLE, ALPHA-1 SUBUNIT; PHKA1",New_due_to_higher_export_limit,,857,,false
*620812,CLAUDIN 25; CLDN25,New_due_to_higher_export_limit,,858,,false
#150230,"TRICHORHINOPHALANGEAL SYNDROME, TYPE II; TRPS2",New_due_to_higher_export_limit,,859,,false
#151800,"LIPOMATOSIS, MULTIPLE SYMMETRIC, WITH OR WITHOUT AXONAL PERIPHERAL NEUROPATHY; MSL",New_due_to_higher_export_limit,,860,,false
#160900,MYOTONIC DYSTROPHY 1; DM1,New_due_to_higher_export_limit,,861,,false
#102200,"PITUITARY ADENOMA 1, MULTIPLE TYPES; PITA1",New_due_to_higher_export_limit,,862,,false
#600462,"MYOPATHY, LACTIC ACIDOSIS, AND SIDEROBLASTIC ANEMIA 1; MLASA1",New_due_to_higher_export_limit,,863,,false
#610947,"CORONARY ARTERY DISEASE, AUTOSOMAL DOMINANT 2; ADCAD2",New_due_to_higher_export_limit,,864,,false
#611493,"ATRIAL FIBRILLATION, FAMILIAL, 4; ATFB4",New_due_to_higher_export_limit,,865,,false
#611556,"GLYCOGEN STORAGE DISEASE 0, MUSCLE; GSD0B",New_due_to_higher_export_limit,,866,,false
#612201,"ATRIAL FIBRILLATION, FAMILIAL, 6; ATFB6",New_due_to_higher_export_limit,,867,,false
#613120,BRUGADA SYNDROME 7; BRGDA7,New_due_to_higher_export_limit,,868,,false
#613172,"CARDIOMYOPATHY, DILATED, 1DD; CMD1DD",New_due_to_higher_export_limit,,869,,false
#614486,THROMBOPHILIA DUE TO THROMBOMODULIN DEFECT; THPH12,New_due_to_higher_export_limit,,870,,false
#615300,PERRAULT SYNDROME 4; PRLTS4,New_due_to_higher_export_limit,,871,,false
#615378,"ATRIAL FIBRILLATION, FAMILIAL, 14; ATFB14",New_due_to_higher_export_limit,,872,,false
#615745,ATRIAL STANDSTILL 2; ATRST2,New_due_to_higher_export_limit,,873,,false
#615770,"ATRIAL FIBRILLATION, FAMILIAL, 15; ATFB15",New_due_to_higher_export_limit,,874,,false
#616166,"AORTIC ANEURYSM, FAMILIAL THORACIC 9; AAT9",New_due_to_higher_export_limit,,875,,false
#616812,"MUSCULAR DYSTROPHY, LIMB-GIRDLE, AUTOSOMAL RECESSIVE 25; LGMDR25",New_due_to_higher_export_limit,,876,,false
#618343,POLYMICROGYRIA WITH OR WITHOUT VASCULAR-TYPE EHLERS-DANLOS SYNDROME; PMGEDSV,New_due_to_higher_export_limit,,877,,false
#618437,DEVELOPMENTAL AND EPILEPTIC ENCEPHALOPATHY 75; DEE75,New_due_to_higher_export_limit,,878,,false
#132900,"AORTIC ANEURYSM, FAMILIAL THORACIC 4; AAT4",New_due_to_higher_export_limit,,879,,false
#601154,"CARDIOMYOPATHY, DILATED, 1E; CMD1E",New_due_to_higher_export_limit,,880,,false
#207800,ARGININEMIA,New_due_to_higher_export_limit,,881,,false
#207900,ARGININOSUCCINIC ACIDURIA,New_due_to_higher_export_limit,,882,,false
#218030,APPARENT MINERALOCORTICOID EXCESS; AME,New_due_to_higher_export_limit,,883,,false
#222300,WOLFRAM SYNDROME 1; WFS1,New_due_to_higher_export_limit,,884,,false
#602481,"MIGRAINE, FAMILIAL HEMIPLEGIC, 2; FHM2",New_due_to_higher_export_limit,,885,,false
#602491,"HYPERLIPIDEMIA, FAMILIAL COMBINED, 1; FCHL1",New_due_to_higher_export_limit,,886,,false
#603285,CEREBRAL CAVERNOUS MALFORMATIONS 3; CCM3,New_due_to_higher_export_limit,,887,,false
#606408,"EHLERS-DANLOS SYNDROME, CLASSIC-LIKE, 1; EDSCLL1",New_due_to_higher_export_limit,,888,,false
#607091,"CONGENITAL DISORDER OF GLYCOSYLATION, TYPE IId; CDG2D",New_due_to_higher_export_limit,,889,,false
#607426,"COENZYME Q10 DEFICIENCY, PRIMARY, 1; COQ10D1",New_due_to_higher_export_limit,,890,,false
#608516,MAJOR DEPRESSIVE DISORDER; MDD,New_due_to_higher_export_limit,,891,,false
#608622,"HYPERTENSION, DIASTOLIC, RESISTANCE TO",New_due_to_higher_export_limit,,892,,false
#608647,"CILIARY DYSKINESIA, PRIMARY, 5; CILD5",New_due_to_higher_export_limit,,893,,false
#300623,FRAGILE X TREMOR/ATAXIA SYNDROME; FXTAS,New_due_to_higher_export_limit,,894,,false
#301082,IMMUNODEFICIENCY 102; IMD102,New_due_to_higher_export_limit,,895,,false
#301163,"CARDIOMYOPATHY, DILATED, 3C; CMD3C",New_due_to_higher_export_limit,,896,,false
#309800,"MICROPHTHALMIA, SYNDROMIC 1; MCOPS1",New_due_to_higher_export_limit,,897,,false
#613980,"ATRIAL FIBRILLATION, FAMILIAL, 9; ATFB9",New_due_to_higher_export_limit,,898,,false
#614022,"ATRIAL FIBRILLATION, FAMILIAL, 10; ATFB10",New_due_to_higher_export_limit,,899,,false
#614049,"ATRIAL FIBRILLATION, FAMILIAL, 11; ATFB11",New_due_to_higher_export_limit,,900,,false
#614050,"ATRIAL FIBRILLATION, FAMILIAL, 12; ATFB12",New_due_to_higher_export_limit,,901,,false
#619127,MANDIBULOACRAL DYSPLASIA PROGEROID SYNDROME; MDPS,New_due_to_higher_export_limit,,902,,false
#619538,CEREBRAL CAVERNOUS MALFORMATIONS 4; CCM4,New_due_to_higher_export_limit,,903,,false
#619897,"CARDIOMYOPATHY, DILATED, 2G; CMD2G",New_due_to_higher_export_limit,,904,,false
#620058,FAMILIAL APOLIPOPROTEIN GENE CLUSTER DELETION SYNDROME,New_due_to_higher_export_limit,,905,,false
#620389,"NEMALINE MYOPATHY 5C, AUTOSOMAL DOMINANT; NEM5C",New_due_to_higher_export_limit,,906,,false
#620917,SPERMATOGENIC FAILURE 95; SPGF95,New_due_to_higher_export_limit,,907,,false
%157700,MITRAL VALVE PROLAPSE 1; MVP1,New_due_to_higher_export_limit,,908,,false
%159300,MUSICAL PERFECT PITCH,New_due_to_higher_export_limit,,909,,false
%608901,"CORONARY HEART DISEASE, SUSCEPTIBILITY TO, 5",New_due_to_higher_export_limit,,910,,false
%608988,"ATRIAL FIBRILLATION, FAMILIAL, 2; ATFB2",New_due_to_higher_export_limit,,911,,false
%612161,"ANEURYSM, INTRACRANIAL BERRY, 7; ANIB7",New_due_to_higher_export_limit,,912,,false
%612162,"ANEURYSM, INTRACRANIAL BERRY, 8; ANIB8",New_due_to_higher_export_limit,,913,,false
%606787,PERIPHERAL ARTERIAL OCCLUSIVE DISEASE 1,New_due_to_higher_export_limit,,914,,false
613600,"TORSADE DE POINTES, SHORT-COUPLED VARIANT",New_due_to_higher_export_limit,,915,,false
*148066,"KERATIN 14, TYPE I; KRT14",New_due_to_higher_export_limit,,916,,false
*150330,LAMIN A/C; LMNA,New_due_to_higher_export_limit,,917,,false
*152200,LIPOPROTEIN(a); LPA,New_due_to_higher_export_limit,,918,,false
*153454,"PROCOLLAGEN-LYSINE, 2-OXOGLUTARATE 5-DIOXYGENASE; PLOD1",New_due_to_higher_export_limit,,919,,false
*160760,"MYOSIN, HEAVY CHAIN 7, CARDIAC MUSCLE, BETA; MYH7",New_due_to_higher_export_limit,,920,,false
*160777,MYOSIN VA; MYO5A,New_due_to_higher_export_limit,,921,,false
*114250,CALSEQUESTRIN 1; CASQ1,New_due_to_higher_export_limit,,922,,false
*173321,"SERPIN PEPTIDASE INHIBITOR, CLADE B (OVALBUMIN), MEMBER 6; SERPINB6",New_due_to_higher_export_limit,,923,,false
*176300,TRANSTHYRETIN; TTR,New_due_to_higher_export_limit,,924,,false
*176805,PROSTAGLANDIN-ENDOPEROXIDE SYNTHASE 1; PTGS1,New_due_to_higher_export_limit,,925,,false
*188070,"THROMBOXANE A2 RECEPTOR, PLATELET; TBXA2R",New_due_to_higher_export_limit,,926,,false
*516002,"COMPLEX I, SUBUNIT ND3; MTND3",New_due_to_higher_export_limit,,927,,false
*516070,ATP SYNTHASE 8; MTATP8,New_due_to_higher_export_limit,,928,,false
*561010,"RIBOSOMAL RNA, MITOCHONDRIAL, 16S; MTRNR2",New_due_to_higher_export_limit,,929,,false
*590000,"TRANSFER RNA, MITOCHONDRIAL, ALANINE; MTTA",New_due_to_higher_export_limit,,930,,false
*590040,"TRANSFER RNA, MITOCHONDRIAL, HISTIDINE; MTTH",New_due_to_higher_export_limit,,931,,false
*600008,NICOTINAMIDE N-METHYLTRANSFERASE; NNMT,New_due_to_higher_export_limit,,932,,false
*600760,"SODIUM CHANNEL, EPITHELIAL 1, BETA SUBUNIT; SCNN1B",New_due_to_higher_export_limit,,933,,false
*600940,"LIGASE III, DNA, ATP-DEPENDENT; LIG3",New_due_to_higher_export_limit,,934,,false
*609010,3-METHYLCROTONYL-CoA CARBOXYLASE 1; MCCC1,New_due_to_higher_export_limit,,935,,false
*612137,RING FINGER PROTEIN 146; RNF146,New_due_to_higher_export_limit,,936,,false
*612283,PROTEIN C; PROC,New_due_to_higher_export_limit,,937,,false
*613753,MICRO RNA 211; MIR211,New_due_to_higher_export_limit,,938,,false
*614259,CILIA- AND FLAGELLA-ASSOCIATED PROTEIN 57; CFAP57,New_due_to_higher_export_limit,,939,,false
*617292,TRANSMEMBRANE PROTEIN 150C; TMEM150C,New_due_to_higher_export_limit,,940,,false
*617634,COILED-COIL GLUTAMATE-RICH PROTEIN 2; CCER2,New_due_to_higher_export_limit,,941,,false
*134570,"FACTOR XIII, A1 SUBUNIT; F13A1",New_due_to_higher_export_limit,,942,,false
*601844,"PROTEIN KINASE, LYSINE-DEFICIENT 4; WNK4",New_due_to_higher_export_limit,,943,,false
*191523,UPSTREAM TRANSCRIPTION FACTOR 1; USF1,New_due_to_higher_export_limit,,944,,false
*603297,"DYNEIN, CYTOPLASMIC 2, HEAVY CHAIN 1; DYNC2H1",New_due_to_higher_export_limit,,945,,false
*604544,LEUCYL-tRNA SYNTHETASE 2; LARS2,New_due_to_higher_export_limit,,946,,false
*604577,POPEYE DOMAIN cAMP EFFECTOR 1; POPDC1,New_due_to_higher_export_limit,,947,,false
*604633,EGF-CONTAINING FIBULIN-LIKE EXTRACELLULAR MATRIX PROTEIN 2; EFEMP2,New_due_to_higher_export_limit,,948,,false
*605204,TORSIN 1A; TOR1A,New_due_to_higher_export_limit,,949,,false
*276903,MYOSIN VIIA; MYO7A,New_due_to_higher_export_limit,,950,,false
*606477,SERINE RACEMASE; SRR,New_due_to_higher_export_limit,,951,,false
*606609,3-PRIME REPAIR EXONUCLEASE 1; TREX1,New_due_to_higher_export_limit,,952,,false
*606800,"GLUCOSIDASE, ALPHA, ACID; GAA",New_due_to_higher_export_limit,,953,,false
*606980,COENZYME Q8A; COQ8A,New_due_to_higher_export_limit,,954,,false
*607929,CCM2 SCAFFOLD PROTEIN; CCM2,New_due_to_higher_export_limit,,955,,false
*608112,"TRAFFICKING PROTEIN, KINESIN-BINDING 1; TRAK1",New_due_to_higher_export_limit,,956,,false
*300384,EMERIN; EMD,New_due_to_higher_export_limit,,957,,false
*311800,PHOSPHOGLYCERATE KINASE 1; PGK1,New_due_to_higher_export_limit,,958,,false
*300205,EMOPAMIL-BINDING PROTEIN; EBP,New_due_to_higher_export_limit,,959,,false
*238331,DIHYDROLIPOAMIDE DEHYDROGENASE; DLD,New_due_to_higher_export_limit,,960,,false
*605546,"GLYCOPROTEIN VI, PLATELET; GP6",New_due_to_higher_export_limit,,961,,false
*621202,CHROMOSOME 10 OPEN READING FRAME 71; C10ORF71,New_due_to_higher_export_limit,,962,,false
#148300,KERATOCONUS 1; KTCN1,New_due_to_higher_export_limit,,963,,false
#150550,"PERIODIC FEVER, IMMUNODEFICIENCY, AND THROMBOCYTOPENIA SYNDROME; PFITS",New_due_to_higher_export_limit,,964,,false
#169400,PELGER-HUET ANOMALY; PHA,New_due_to_higher_export_limit,,965,,false
#187950,THROMBOCYTHEMIA 1; THCYT1,New_due_to_higher_export_limit,,966,,false
#609535,"DRUG METABOLISM, ALTERED, CYP2C19-RELATED",New_due_to_higher_export_limit,,967,,false
#610379,"WEST NILE VIRUS, SUSCEPTIBILITY TO",New_due_to_higher_export_limit,,968,,false
#611762,FAMILIAL COLD AUTOINFLAMMATORY SYNDROME 2; FCAS2,New_due_to_higher_export_limit,,969,,false
#612926,"HEMOLYTIC UREMIC SYNDROME, ATYPICAL, SUSCEPTIBILITY TO, 6; AHUS6",New_due_to_higher_export_limit,,970,,false
#613118,ANTITHROMBIN III DEFICIENCY; AT3D,New_due_to_higher_export_limit,,971,,false
#613523,CHROMOSOME 8p11 MYELOPROLIFERATIVE SYNDROME,New_due_to_higher_export_limit,,972,,false
#614307,ALPHA-METHYLACYL-CoA RACEMASE DEFICIENCY; AMACRD,New_due_to_higher_export_limit,,973,,false
#614743,"PULMONARY FIBROSIS AND/OR BONE MARROW FAILURE SYNDROME, TELOMERE-RELATED, 2; PFBMFT2",New_due_to_higher_export_limit,,974,,false
#615264,"BLOOD GROUP, VEL SYSTEM; VEL",New_due_to_higher_export_limit,,975,,false
#615673,MYOPATHY WITH EXTRAPYRAMIDAL SIGNS; MPXPS,New_due_to_higher_export_limit,,976,,false
#615838,"MITOCHONDRIAL COMPLEX III DEFICIENCY, NUCLEAR TYPE 8; MC3DN8",New_due_to_higher_export_limit,,977,,false
#615846,AICARDI-GOUTIERES SYNDROME 7; AGS7,New_due_to_higher_export_limit,,978,,false
#616669,IMMUNODEFICIENCY 45; IMD45,New_due_to_higher_export_limit,,979,,false
#616881,"LEUKODYSTROPHY, HYPOMYELINATING, 13; HLD13",New_due_to_higher_export_limit,,980,,false
#617222,"SUDDEN CARDIAC FAILURE, INFANTILE; SCFI",New_due_to_higher_export_limit,,981,,false
#617591,PROTEASOME-ASSOCIATED AUTOINFLAMMATORY SYNDROME 3; PRAAS3,New_due_to_higher_export_limit,,982,,false
#618113,"ENCEPHALITIS/ENCEPHALOPATHY, MILD, WITH REVERSIBLE MYELIN VACUOLIZATION; MMERV",New_due_to_higher_export_limit,,983,,false
#618360,BRAIN SMALL VESSEL DISEASE 3; BSVD3,New_due_to_higher_export_limit,,984,,false
#124000,"MITOCHONDRIAL COMPLEX III DEFICIENCY, NUCLEAR TYPE 1; MC3DN1",New_due_to_higher_export_limit,,985,,false
#201450,"ACYL-CoA DEHYDROGENASE, MEDIUM-CHAIN, DEFICIENCY OF; ACADMD",New_due_to_higher_export_limit,,986,,false
#201475,"ACYL-CoA DEHYDROGENASE, VERY LONG-CHAIN, DEFICIENCY OF; ACADVLD",New_due_to_higher_export_limit,,987,,false
#203750,ALPHA-METHYLACETOACETIC ACIDURIA,New_due_to_higher_export_limit,,988,,false
#203800,ALSTROM SYNDROME; ALMS,New_due_to_higher_export_limit,,989,,false
#208920,"ATAXIA, EARLY-ONSET, WITH OCULOMOTOR APRAXIA AND HYPOALBUMINEMIA; EAOH",New_due_to_higher_export_limit,,990,,false
#231000,"GAUCHER DISEASE, TYPE III; GD3",New_due_to_higher_export_limit,,991,,false
#603829,"VENTRICULAR FIBRILLATION, PAROXYSMAL FAMILIAL, 1; VF1",New_due_to_higher_export_limit,,992,,false
#604168,"CONGENITAL CATARACTS, FACIAL DYSMORPHISM, AND NEUROPATHY; CCFDN",New_due_to_higher_export_limit,,993,,false
#250620,3-HYDROXYISOBUTYRYL-CoA HYDROLASE DEFICIENCY; HIBCHD,New_due_to_higher_export_limit,,994,,false
#251120,METHYLMALONYL-CoA EPIMERASE DEFICIENCY,New_due_to_higher_export_limit,,995,,false
#251260,NIJMEGEN BREAKAGE SYNDROME; NBS,New_due_to_higher_export_limit,,996,,false
#253260,BIOTINIDASE DEFICIENCY,New_due_to_higher_export_limit,,997,,false
#253550,"SPINAL MUSCULAR ATROPHY, TYPE II; SMA2",New_due_to_higher_export_limit,,998,,false
#255110,"CARNITINE PALMITOYLTRANSFERASE II DEFICIENCY, MYOPATHIC, STRESS-INDUCED",New_due_to_higher_export_limit,,999,,false
#255120,CARNITINE PALMITOYLTRANSFERASE I DEFICIENCY,New_due_to_higher_export_limit,,1000,,false
