Gene_Symbol,Gene_Name,Entrez_Gene_ID,Ensembl_Gene_ID,Evidence_Tier,In_Strict_28,In_Primary_81,In_MediumExtended_176,In_BroadSensitivity_430,Primary_Source_Databases,Primary_Source_Count,Medium_Source_Databases,Medium_Source_Count,Broad_Source_Databases,Broad_Source_Count,GeneCards_Strict_ge5,GeneCards_Main_ge3,GeneCards_Broad_ge0.9,OMIM_UltraStrict,OMIM_Primary,OMIM_PrimaryPlusExtended,DisGeNET_Primary_raw_ge0.30,DisGeNET_Conservative_EI_ge0.80,DisGeNET_HumanLiterature,GeneCards_Relevance_Score,GeneCards_Knowledge_Score,OMIM_Gene_MIM_ID,OMIM_Phenotype_MIM_IDs,OMIM_Evidence_Layers,OMIM_Mechanism_Tags,DisGeNET_Raw_GDA_Score,DisGeNET_EI,DisGeNET_N_PMIDs,Interpretation_Note
A2M,Alpha-2-Macroglobulin,2,ENSG00000175899,MediumExtended,False,False,True,True,,0,DisGeNET,1,GeneCards;DisGeNET,2,False,False,True,False,False,False,False,True,True,1.3100295,91.0,,,,,0.2,1.0,2,Disease association evidence; not necessarily causal and not proof of therapeutic relevance.
ABCB1,ATP Binding Cassette Subfamily B Member 1,,,Primary,False,True,True,True,GeneCards,1,GeneCards,1,GeneCards,1,False,True,True,False,False,False,False,False,False,3.120679,100.0,,,,,,,,Disease association evidence; not necessarily causal and not proof of therapeutic relevance.
ABCC8,ATP Binding Cassette Subfamily C Member 8,,,Primary,False,True,True,True,GeneCards,1,GeneCards,1,GeneCards,1,False,True,True,False,False,False,False,False,False,3.0830133,99.0,,,,,,,,Disease association evidence; not necessarily causal and not proof of therapeutic relevance.
ACE,Angiotensin I Converting Enzyme,1636,ENSG00000159640,Primary,False,True,True,True,GeneCards,1,GeneCards;DisGeNET,2,GeneCards;DisGeNET,2,False,True,True,False,False,False,False,True,True,3.3120809,100.0,,,,,0.2,1.0,2,Disease association evidence; not necessarily causal and not proof of therapeutic relevance.
ACE2,Angiotensin Converting Enzyme 2,59272,ENSG00000130234,Primary,False,True,True,True,GeneCards,1,GeneCards;DisGeNET,2,GeneCards;DisGeNET,2,False,True,True,False,False,False,False,True,True,3.5613837,89.0,,,,,0.25,1.0,2,Disease association evidence; not necessarily causal and not proof of therapeutic relevance.
ACSL4,acyl-CoA synthetase long chain family member 4,2182,ENSG00000068366,MediumExtended,False,False,True,True,,0,DisGeNET,1,DisGeNET,1,False,False,False,False,False,False,False,True,True,,,,,,,0.2,1.0,2,Disease association evidence; not necessarily causal and not proof of therapeutic relevance.
ACTA2,"Actin Alpha 2, Smooth Muscle",59,,MediumExtended,False,False,True,True,,0,OMIM,1,GeneCards;OMIM,2,False,False,True,False,False,True,False,False,False,1.7399148,100.0,102620,613834;614042,Extended_Etiologic,arteriopathy;moyamoya,,,,Disease association evidence; not necessarily causal and not proof of therapeutic relevance.
ADA2,Adenosine Deaminase 2,51816,,MediumExtended,False,False,True,True,,0,OMIM,1,GeneCards;OMIM,2,False,False,True,False,False,True,False,False,False,1.3140942,81.0,607575,615688,Extended_Etiologic,vasculitis,,,,Disease association evidence; not necessarily causal and not proof of therapeutic relevance.
ADAMTS13,ADAM Metallopeptidase With Thrombospondin Type 1 Motif 13,11093,ENSG00000160323,Strict,True,True,True,True,GeneCards,1,GeneCards;OMIM,2,GeneCards;OMIM;DisGeNET,3,True,True,True,False,False,True,False,False,True,7.103341,97.0,604134,274150,Extended_Etiologic,microangiopathy,0.2,0.7142857142857143,7,Disease association evidence; not necessarily causal and not proof of therapeutic relevance.
ADIPOQ,"Adiponectin, C1Q And Collagen Domain Containing",,,Primary,False,True,True,True,GeneCards,1,GeneCards,1,GeneCards,1,False,True,True,False,False,False,False,False,False,3.618697,85.0,,,,,,,,Disease association evidence; not necessarily causal and not proof of therapeutic relevance.
ADORA3,adenosine A3 receptor,140,ENSG00000282608,MediumExtended,False,False,True,True,,0,DisGeNET,1,DisGeNET,1,False,False,False,False,False,False,False,True,True,,,,,,,0.25,1.0,2,Disease association evidence; not necessarily causal and not proof of therapeutic relevance.
AGER,Advanced Glycosylation End-Product Specific Receptor,177,ENSG00000204305,MediumExtended,False,False,True,True,,0,DisGeNET,1,GeneCards;DisGeNET,2,False,False,True,False,False,False,False,True,True,2.5902042,94.0,,,,,0.2,1.0,3,Disease association evidence; not necessarily causal and not proof of therapeutic relevance.
ALB,Albumin,213,ENSG00000163631,Strict,True,True,True,True,GeneCards;DisGeNET,2,GeneCards;DisGeNET,2,GeneCards;DisGeNET,2,True,True,True,False,False,False,True,True,True,10.213423,100.0,,,,,0.3,1.0,19,Disease association evidence; not necessarily causal and not proof of therapeutic relevance.
ALOX5AP,Arachidonate 5-lipoxygenase activating protein,241,,Strict,True,True,True,True,OMIM,1,OMIM,1,OMIM,1,False,False,False,True,True,True,False,False,False,,,603700,601367,UltraStrict_Direct_AIS,direct_ischemic,,,,Disease association evidence; not necessarily causal and not proof of therapeutic relevance.
ALPL,"alkaline phosphatase, biomineralization associated",249,ENSG00000162551,MediumExtended,False,False,True,True,,0,DisGeNET,1,DisGeNET,1,False,False,False,False,False,False,False,True,True,,,,,,,0.2,1.0,3,Disease association evidence; not necessarily causal and not proof of therapeutic relevance.
ANGPTL4,Angiopoietin Like 4,51129,ENSG00000167772,MediumExtended,False,False,True,True,,0,DisGeNET,1,GeneCards;DisGeNET,2,False,False,True,False,False,False,False,True,True,2.374183,81.0,,,,,0.25,1.0,3,Disease association evidence; not necessarily causal and not proof of therapeutic relevance.
ANO1,Anoctamin 1,55107,,MediumExtended,False,False,True,True,,0,OMIM,1,OMIM,1,False,False,False,False,False,True,False,False,False,,,610108,620687,Extended_Etiologic,moyamoya,,,,Disease association evidence; not necessarily causal and not proof of therapeutic relevance.
APOA1,Apolipoprotein A1,,,Strict,True,True,True,True,GeneCards,1,GeneCards,1,GeneCards,1,True,True,True,False,False,False,False,False,False,5.007799,100.0,,,,,,,,Disease association evidence; not necessarily causal and not proof of therapeutic relevance.
APOE,Apolipoprotein E,348,ENSG00000130203,Primary,False,True,True,True,GeneCards,1,GeneCards;DisGeNET,2,GeneCards;DisGeNET,2,False,True,True,False,False,False,False,True,True,4.251947,100.0,,,,,0.2,0.8333333333333334,6,Disease association evidence; not necessarily causal and not proof of therapeutic relevance.
AQP4,Aquaporin 4,361,ENSG00000171885,Primary,False,True,True,True,GeneCards,1,GeneCards;DisGeNET,2,GeneCards;DisGeNET,2,False,True,True,False,False,False,False,True,True,4.5588017,78.0,,,,,0.25,1.0,3,Disease association evidence; not necessarily causal and not proof of therapeutic relevance.
ARHGEF15,Rho guanine nucleotide exchange factor 15,22899,,Primary,False,True,True,True,OMIM,1,OMIM,1,OMIM,1,False,False,False,False,True,True,False,False,False,,,608504,621331,Primary_Adult_Monogenic,arteriopathy,,,,Disease association evidence; not necessarily causal and not proof of therapeutic relevance.
AVP,Arginine Vasopressin,551,ENSG00000101200,Strict,True,True,True,True,GeneCards,1,GeneCards;DisGeNET,2,GeneCards;DisGeNET,2,True,True,True,False,False,False,False,True,True,6.224776,89.0,,,,,0.2,1.0,9,Disease association evidence; not necessarily causal and not proof of therapeutic relevance.
BDNF,Brain Derived Neurotrophic Factor,627,ENSG00000176697,Strict,True,True,True,True,GeneCards;DisGeNET,2,GeneCards;DisGeNET,2,GeneCards;DisGeNET,2,True,True,True,False,False,False,True,True,True,8.27195,100.0,,,,,0.3,0.8181818181818182,11,Disease association evidence; not necessarily causal and not proof of therapeutic relevance.
BRCC3,BRCA1/BRCA2-Containing Complex Subunit 3,79184,,MediumExtended,False,False,True,True,,0,OMIM,1,GeneCards;OMIM,2,False,False,True,False,False,True,False,False,False,1.3140942,83.0,300617,300845,Extended_Etiologic,moyamoya,,,,Disease association evidence; not necessarily causal and not proof of therapeutic relevance.
C3,Complement C3,,,Primary,False,True,True,True,GeneCards,1,GeneCards,1,GeneCards,1,False,True,True,False,False,False,False,False,False,3.0656753,100.0,,,,,,,,Disease association evidence; not necessarily causal and not proof of therapeutic relevance.
C4B,Complement C4B (Chido/Rodgers Blood Group),721,ENSG00000224389,MediumExtended,False,False,True,True,,0,DisGeNET,1,GeneCards;DisGeNET,2,False,False,True,False,False,False,False,True,True,2.7043025,90.0,,,,,0.2,1.0,2,Disease association evidence; not necessarily causal and not proof of therapeutic relevance.
CALCA,Calcitonin Related Polypeptide Alpha,796,ENSG00000110680,MediumExtended,False,False,True,True,,0,DisGeNET,1,GeneCards;DisGeNET,2,False,False,True,False,False,False,False,True,True,2.9423192,80.0,,,,,0.2,1.0,4,Disease association evidence; not necessarily causal and not proof of therapeutic relevance.
CASP3,Caspase 3,,,Primary,False,True,True,True,GeneCards,1,GeneCards,1,GeneCards,1,False,True,True,False,False,False,False,False,False,4.878299,91.0,,,,,,,,Disease association evidence; not necessarily causal and not proof of therapeutic relevance.
CAV1,Caveolin 1,,,Primary,False,True,True,True,GeneCards,1,GeneCards,1,GeneCards,1,False,True,True,False,False,False,False,False,False,3.7809563,97.0,,,,,,,,Disease association evidence; not necessarily causal and not proof of therapeutic relevance.
CBS,Cystathionine beta-synthase,875,,MediumExtended,False,False,True,True,,0,OMIM,1,OMIM,1,False,False,False,False,False,True,False,False,False,,,613381,236200,Extended_Etiologic,metabolic_thrombosis,,,,Disease association evidence; not necessarily causal and not proof of therapeutic relevance.
CCL2,C-C Motif Chemokine Ligand 2,,,Primary,False,True,True,True,GeneCards,1,GeneCards,1,GeneCards,1,False,True,True,False,False,False,False,False,False,3.881479,87.0,,,,,,,,Disease association evidence; not necessarily causal and not proof of therapeutic relevance.
CD163,CD163 molecule,9332,ENSG00000177575,MediumExtended,False,False,True,True,,0,DisGeNET,1,DisGeNET,1,False,False,False,False,False,False,False,True,True,,,,,,,0.2,1.0,2,Disease association evidence; not necessarily causal and not proof of therapeutic relevance.
CD34,CD34 molecule,947,ENSG00000174059,MediumExtended,False,False,True,True,,0,DisGeNET,1,DisGeNET,1,False,False,False,False,False,False,False,True,True,,,,,,,0.2,1.0,2,Disease association evidence; not necessarily causal and not proof of therapeutic relevance.
CHI3L1,Chitinase 3 Like 1,1116,ENSG00000133048,Primary,False,True,True,True,GeneCards,1,GeneCards;DisGeNET,2,GeneCards;DisGeNET,2,False,True,True,False,False,False,False,True,True,4.7784796,79.0,,,,,0.2,1.0,7,Disease association evidence; not necessarily causal and not proof of therapeutic relevance.
CLDN5,Claudin 5,,,Primary,False,True,True,True,GeneCards,1,GeneCards,1,GeneCards,1,False,True,True,False,False,False,False,False,False,4.842616,76.0,,,,,,,,Disease association evidence; not necessarily causal and not proof of therapeutic relevance.
COL4A1,Collagen Type IV Alpha 1 Chain,1282,,MediumExtended,False,False,True,True,,0,OMIM,1,GeneCards;OMIM,2,False,False,True,False,False,True,False,False,False,1.7399148,97.0,120130,175780;611773,Extended_Etiologic,mixed_small_vessel,,,,Disease association evidence; not necessarily causal and not proof of therapeutic relevance.
CORT,cortistatin,1325,ENSG00000241563,MediumExtended,False,False,True,True,,0,DisGeNET,1,DisGeNET,1,False,False,False,False,False,False,False,True,True,,,,,,,0.2,1.0,2,Disease association evidence; not necessarily causal and not proof of therapeutic relevance.
CPB2,Carboxypeptidase B2,1361,ENSG00000080618,Primary,False,True,True,True,GeneCards,1,GeneCards;DisGeNET,2,GeneCards;DisGeNET,2,False,True,True,False,False,False,False,True,True,3.3885136,82.0,,,,,0.2,1.0,3,Disease association evidence; not necessarily causal and not proof of therapeutic relevance.
CRP,C-Reactive Protein,1401,ENSG00000132693,Strict,True,True,True,True,GeneCards;DisGeNET,2,GeneCards;DisGeNET,2,GeneCards;DisGeNET,2,True,True,True,False,False,False,True,True,True,21.152647,87.0,,,,,0.3,0.9210526315789472,38,Disease association evidence; not necessarily causal and not proof of therapeutic relevance.
CSF2,colony stimulating factor 2,1437,ENSG00000164400,MediumExtended,False,False,True,True,,0,DisGeNET,1,DisGeNET,1,False,False,False,False,False,False,False,True,True,,,,,,,0.2,1.0,2,Disease association evidence; not necessarily causal and not proof of therapeutic relevance.
CSF3,Colony Stimulating Factor 3,1440,ENSG00000108342,MediumExtended,False,False,True,True,,0,DisGeNET,1,GeneCards;DisGeNET,2,False,False,True,False,False,False,False,True,True,1.8315511,83.0,,,,,0.2,0.8,5,Disease association evidence; not necessarily causal and not proof of therapeutic relevance.
CST3,Cystatin C,1471,ENSG00000101439,Strict,True,True,True,True,GeneCards,1,GeneCards;DisGeNET,2,GeneCards;DisGeNET,2,True,True,True,False,False,False,False,True,True,6.0733933,79.0,,,,,0.25,1.0,4,Disease association evidence; not necessarily causal and not proof of therapeutic relevance.
CTSA,Cathepsin A,5476,,MediumExtended,False,False,True,True,,0,OMIM,1,OMIM,1,False,False,False,False,False,True,False,False,False,,,613111,621394,Extended_Etiologic,mixed_small_vessel,,,,Disease association evidence; not necessarily causal and not proof of therapeutic relevance.
CXCL12,C-X-C Motif Chemokine Ligand 12,6387,ENSG00000107562,Primary,False,True,True,True,GeneCards,1,GeneCards;DisGeNET,2,GeneCards;DisGeNET,2,False,True,True,False,False,False,False,True,True,3.618697,92.0,,,,,0.2,1.0,3,Disease association evidence; not necessarily causal and not proof of therapeutic relevance.
CXCL8,C-X-C Motif Chemokine Ligand 8,3576,ENSG00000169429,MediumExtended,False,False,True,True,,0,DisGeNET,1,GeneCards;DisGeNET,2,False,False,True,False,False,False,False,True,True,2.106667,88.0,,,,,0.2,1.0,2,Disease association evidence; not necessarily causal and not proof of therapeutic relevance.
CXCR4,C-X-C Motif Chemokine Receptor 4,,,Primary,False,True,True,True,GeneCards,1,GeneCards,1,GeneCards,1,False,True,True,False,False,False,False,False,False,3.0656753,100.0,,,,,,,,Disease association evidence; not necessarily causal and not proof of therapeutic relevance.
CYP2C19,Cytochrome P450 Family 2 Subfamily C Member 19,1557,ENSG00000165841,Strict,True,True,True,True,GeneCards,1,GeneCards,1,GeneCards;DisGeNET,2,True,True,True,False,False,False,False,False,True,5.4051743,92.0,,,,,0.2,0.5,4,Disease association evidence; not necessarily causal and not proof of therapeutic relevance.
DKK1,Dickkopf Wnt Signaling Pathway Inhibitor 1,22943,ENSG00000107984,MediumExtended,False,False,True,True,,0,DisGeNET,1,GeneCards;DisGeNET,2,False,False,True,False,False,False,False,True,True,2.374183,86.0,,,,,0.2,1.0,2,Disease association evidence; not necessarily causal and not proof of therapeutic relevance.
DKK3,dickkopf Wnt signaling pathway inhibitor 3,27122,ENSG00000050165,MediumExtended,False,False,True,True,,0,DisGeNET,1,DisGeNET,1,False,False,False,False,False,False,False,True,True,,,,,,,0.2,1.0,2,Disease association evidence; not necessarily causal and not proof of therapeutic relevance.
DLG4,Discs Large MAGUK Scaffold Protein 4,1742,ENSG00000132535,MediumExtended,False,False,True,True,,0,DisGeNET,1,GeneCards;DisGeNET,2,False,False,True,False,False,False,False,True,True,2.9303856,100.0,,,,,0.25,1.0,3,Disease association evidence; not necessarily causal and not proof of therapeutic relevance.
DLGAP4,DLG associated protein 4,22839,ENSG00000080845,MediumExtended,False,False,True,True,,0,DisGeNET,1,DisGeNET,1,False,False,False,False,False,False,False,True,True,,,,,,,0.25,1.0,3,Disease association evidence; not necessarily causal and not proof of therapeutic relevance.
DNASE1,Deoxyribonuclease 1,1773,ENSG00000213918,MediumExtended,False,False,True,True,,0,DisGeNET,1,GeneCards;DisGeNET,2,False,False,True,False,False,False,False,True,True,1.7358501,82.0,,,,,0.2,1.0,2,Disease association evidence; not necessarily causal and not proof of therapeutic relevance.
DNMT3A,DNA Methyltransferase 3 Alpha,1788,ENSG00000119772,MediumExtended,False,False,True,True,,0,DisGeNET,1,GeneCards;DisGeNET,2,False,False,True,False,False,False,False,True,True,1.6111301,100.0,,,,,0.2,1.0,2,Disease association evidence; not necessarily causal and not proof of therapeutic relevance.
DPP4,Dipeptidyl Peptidase 4,1803,ENSG00000197635,MediumExtended,False,False,True,True,,0,DisGeNET,1,GeneCards;DisGeNET,2,False,False,True,False,False,False,False,True,True,1.6111301,88.0,,,,,0.2,1.0,2,Disease association evidence; not necessarily causal and not proof of therapeutic relevance.
EDN1,Endothelin 1,1906,ENSG00000078401,MediumExtended,False,False,True,True,,0,DisGeNET,1,GeneCards;DisGeNET,2,False,False,True,False,False,False,False,True,True,2.278482,90.0,,,,,0.2,1.0,2,Disease association evidence; not necessarily causal and not proof of therapeutic relevance.
ENG,Endoglin,,,Primary,False,True,True,True,GeneCards,1,GeneCards,1,GeneCards,1,False,True,True,False,False,False,False,False,False,3.2974052,98.0,,,,,,,,Disease association evidence; not necessarily causal and not proof of therapeutic relevance.
ENHO,Energy Homeostasis Associated,375704,ENSG00000168913,MediumExtended,False,False,True,True,,0,DisGeNET,1,GeneCards;DisGeNET,2,False,False,True,False,False,False,False,True,True,1.7358501,46.0,,,,,0.2,1.0,2,Disease association evidence; not necessarily causal and not proof of therapeutic relevance.
ENO1,Enolase 1,,,Strict,True,True,True,True,GeneCards,1,GeneCards,1,GeneCards,1,True,True,True,False,False,False,False,False,False,7.8742743,92.0,,,,,,,,Disease association evidence; not necessarily causal and not proof of therapeutic relevance.
EPO,Erythropoietin,2056,ENSG00000130427,MediumExtended,False,False,True,True,,0,DisGeNET,1,GeneCards;DisGeNET,2,False,False,True,False,False,False,False,True,True,2.6465712,85.0,,,,,0.2,1.0,2,Disease association evidence; not necessarily causal and not proof of therapeutic relevance.
F13A1,Coagulation Factor XIII A Chain,2162,ENSG00000124491,MediumExtended,False,False,True,True,,0,DisGeNET,1,GeneCards;DisGeNET,2,False,False,True,False,False,False,False,True,True,2.153762,95.0,,,,,0.2,1.0,2,Disease association evidence; not necessarily causal and not proof of therapeutic relevance.
F2,"Coagulation Factor II, Thrombin",2147,ENSG00000180210,Strict,True,True,True,True,OMIM,1,OMIM,1,GeneCards;OMIM;DisGeNET,3,False,False,True,True,True,True,False,False,True,2.5259428,100.0,176930,601367,UltraStrict_Direct_AIS,direct_ischemic,0.2,0.6666666666666666,3,Disease association evidence; not necessarily causal and not proof of therapeutic relevance.
F5,Coagulation Factor V,2153,,Strict,True,True,True,True,OMIM,1,OMIM,1,GeneCards;OMIM,2,False,False,True,True,True,True,False,False,False,2.374183,99.0,612309,601367;188055,UltraStrict_Direct_AIS;Extended_Etiologic,direct_ischemic;thrombophilia,,,,Disease association evidence; not necessarily causal and not proof of therapeutic relevance.
F8,Coagulation Factor VIII,2157,ENSG00000185010,MediumExtended,False,False,True,True,,0,DisGeNET,1,GeneCards;DisGeNET,2,False,False,True,False,False,False,False,True,True,2.7805169,99.0,,,,,0.2,1.0,3,Disease association evidence; not necessarily causal and not proof of therapeutic relevance.
FABP4,Fatty Acid Binding Protein 4,2167,ENSG00000170323,Primary,False,True,True,True,GeneCards,1,GeneCards;DisGeNET,2,GeneCards;DisGeNET,2,False,True,True,False,False,False,False,True,True,4.0559306,83.0,,,,,0.2,1.0,5,Disease association evidence; not necessarily causal and not proof of therapeutic relevance.
FBF1,Fas binding factor 1,85302,ENSG00000188878,MediumExtended,False,False,True,True,,0,DisGeNET,1,DisGeNET,1,False,False,False,False,False,False,False,True,True,,,,,,,0.2,1.0,3,Disease association evidence; not necessarily causal and not proof of therapeutic relevance.
FGA,fibrinogen alpha chain,2243,ENSG00000171560,MediumExtended,False,False,True,True,,0,DisGeNET,1,DisGeNET,1,False,False,False,False,False,False,False,True,True,,,,,,,0.2,1.0,3,Disease association evidence; not necessarily causal and not proof of therapeutic relevance.
FGF2,fibroblast growth factor 2,2247,ENSG00000138685,MediumExtended,False,False,True,True,,0,DisGeNET,1,DisGeNET,1,False,False,False,False,False,False,False,True,True,,,,,,,0.2,1.0,2,Disease association evidence; not necessarily causal and not proof of therapeutic relevance.
FN1,fibronectin 1,2335,ENSG00000115414,MediumExtended,False,False,True,True,,0,DisGeNET,1,DisGeNET,1,False,False,False,False,False,False,False,True,True,,,,,,,0.2,1.0,2,Disease association evidence; not necessarily causal and not proof of therapeutic relevance.
FTO,FTO Alpha-Ketoglutarate Dependent Dioxygenase,79068,ENSG00000140718,MediumExtended,False,False,True,True,,0,DisGeNET,1,GeneCards;DisGeNET,2,False,False,True,False,False,False,False,True,True,1.6111301,94.0,,,,,0.2,1.0,3,Disease association evidence; not necessarily causal and not proof of therapeutic relevance.
GCFC2,GC-rich sequence DNA-binding factor 2,6936,ENSG00000005436,MediumExtended,False,False,True,True,,0,DisGeNET,1,DisGeNET,1,False,False,False,False,False,False,False,True,True,,,,,,,0.25,1.0,2,Disease association evidence; not necessarily causal and not proof of therapeutic relevance.
GDF15,Growth Differentiation Factor 15,9518,ENSG00000130513,Primary,False,True,True,True,GeneCards,1,GeneCards;DisGeNET,2,GeneCards;DisGeNET,2,False,True,True,False,False,False,False,True,True,3.523361,76.0,,,,,0.2,1.0,2,Disease association evidence; not necessarily causal and not proof of therapeutic relevance.
GFAP,Glial Fibrillary Acidic Protein,2670,ENSG00000131095,Strict,True,True,True,True,GeneCards;DisGeNET,2,GeneCards;DisGeNET,2,GeneCards;DisGeNET,2,False,True,True,False,False,False,True,True,True,4.521371,100.0,,,,,0.3,0.9090909090909092,11,Disease association evidence; not necessarily causal and not proof of therapeutic relevance.
GLA,Galactosidase Alpha,2717,,MediumExtended,False,False,True,True,,0,OMIM,1,GeneCards;OMIM,2,False,False,True,False,False,True,False,False,False,2.5902042,94.0,300644,301500,Extended_Etiologic,metabolic_vasculopathy,,,,Disease association evidence; not necessarily causal and not proof of therapeutic relevance.
GP6,Glycoprotein VI Platelet,51206,ENSG00000088053,MediumExtended,False,False,True,True,,0,DisGeNET,1,GeneCards;DisGeNET,2,False,False,True,False,False,False,False,True,True,1.6111301,90.0,,,,,0.25,1.0,2,Disease association evidence; not necessarily causal and not proof of therapeutic relevance.
GPM6A,glycoprotein M6A,2823,ENSG00000150625,MediumExtended,False,False,True,True,,0,DisGeNET,1,DisGeNET,1,False,False,False,False,False,False,False,True,True,,,,,,,0.2,1.0,2,Disease association evidence; not necessarily causal and not proof of therapeutic relevance.
GRIN1,glutamate ionotropic receptor NMDA type subunit 1,2902,ENSG00000176884,MediumExtended,False,False,True,True,,0,DisGeNET,1,DisGeNET,1,False,False,False,False,False,False,False,True,True,,,,,,,0.2,1.0,3,Disease association evidence; not necessarily causal and not proof of therapeutic relevance.
GSDMD,gasdermin D,79792,ENSG00000104518,MediumExtended,False,False,True,True,,0,DisGeNET,1,DisGeNET,1,False,False,False,False,False,False,False,True,True,,,,,,,0.2,1.0,2,Disease association evidence; not necessarily causal and not proof of therapeutic relevance.
GUCY1A1,Guanylate Cyclase 1 Soluble Subunit Alpha 1,2982,,MediumExtended,False,False,True,True,,0,OMIM,1,GeneCards;OMIM,2,False,False,True,False,False,True,False,False,False,1.3140942,89.0,139396,615750,Extended_Etiologic,moyamoya,,,,Disease association evidence; not necessarily causal and not proof of therapeutic relevance.
HABP2,Hyaluronan Binding Protein 2,3026,ENSG00000148702,MediumExtended,False,False,True,True,,0,DisGeNET,1,GeneCards;DisGeNET,2,False,False,True,False,False,False,False,True,True,2.153762,84.0,,,,,0.25,1.0,2,Disease association evidence; not necessarily causal and not proof of therapeutic relevance.
HBB,Hemoglobin Subunit Beta,3043,ENSG00000244734,MediumExtended,False,False,True,True,,0,OMIM;DisGeNET,2,GeneCards;OMIM;DisGeNET,3,False,False,True,False,False,True,False,True,True,1.3140942,100.0,141900,603903,Extended_Etiologic,hematologic,0.2,1.0,5,Disease association evidence; not necessarily causal and not proof of therapeutic relevance.
HDAC2,Histone Deacetylase 2,3066,ENSG00000196591,MediumExtended,False,False,True,True,,0,DisGeNET,1,GeneCards;DisGeNET,2,False,False,True,False,False,False,False,True,True,1.7358501,92.0,,,,,0.25,1.0,2,Disease association evidence; not necessarily causal and not proof of therapeutic relevance.
HECTD1,HECT Domain E3 Ubiquitin Protein Ligase 1,25831,ENSG00000092148,MediumExtended,False,False,True,True,,0,DisGeNET,1,GeneCards;DisGeNET,2,False,False,True,False,False,False,False,True,True,1.6111301,77.0,,,,,0.25,1.0,2,Disease association evidence; not necessarily causal and not proof of therapeutic relevance.
HGF,hepatocyte growth factor,3082,ENSG00000019991,MediumExtended,False,False,True,True,,0,DisGeNET,1,DisGeNET,1,False,False,False,False,False,False,False,True,True,,,,,,,0.2,1.0,2,Disease association evidence; not necessarily causal and not proof of therapeutic relevance.
HIF1A,Hypoxia Inducible Factor 1 Subunit Alpha,,,Primary,False,True,True,True,GeneCards,1,GeneCards,1,GeneCards,1,False,True,True,False,False,False,False,False,False,4.486366,96.0,,,,,,,,Disease association evidence; not necessarily causal and not proof of therapeutic relevance.
HMGB1,High Mobility Group Box 1,3146,ENSG00000189403,Primary,False,True,True,True,GeneCards,1,GeneCards;DisGeNET,2,GeneCards;DisGeNET,2,False,True,True,False,False,False,False,True,True,4.3031163,94.0,,,,,0.2,1.0,4,Disease association evidence; not necessarily causal and not proof of therapeutic relevance.
HR,HR Lysine Demethylase And Nuclear Receptor Corepressor,,,Primary,False,True,True,True,GeneCards,1,GeneCards,1,GeneCards,1,False,True,True,False,False,False,False,False,False,3.2676756,83.0,,,,,,,,Disease association evidence; not necessarily causal and not proof of therapeutic relevance.
HTRA1,HTRA serine peptidase 1,5654,,Primary,False,True,True,True,OMIM,1,OMIM,1,OMIM,1,False,False,False,False,True,True,False,False,False,,,602194,600142;616779,Primary_Adult_Monogenic,arteriopathy,,,,Disease association evidence; not necessarily causal and not proof of therapeutic relevance.
ICAM1,Intercellular Adhesion Molecule 1,3383,ENSG00000090339,Primary,False,True,True,True,GeneCards,1,GeneCards;DisGeNET,2,GeneCards;DisGeNET,2,False,True,True,False,False,False,False,True,True,4.2075415,95.0,,,,,0.2,1.0,5,Disease association evidence; not necessarily causal and not proof of therapeutic relevance.
IFNG,interferon gamma,3458,ENSG00000111537,MediumExtended,False,False,True,True,,0,DisGeNET,1,DisGeNET,1,False,False,False,False,False,False,False,True,True,,,,,,,0.2,1.0,3,Disease association evidence; not necessarily causal and not proof of therapeutic relevance.
IGF1,Insulin Like Growth Factor 1,3479,ENSG00000017427,Primary,False,True,True,True,GeneCards,1,GeneCards;DisGeNET,2,GeneCards;DisGeNET,2,False,True,True,False,False,False,False,True,True,3.3120809,100.0,,,,,0.25,1.0,6,Disease association evidence; not necessarily causal and not proof of therapeutic relevance.
IL10,Interleukin 10,3586,ENSG00000136634,Primary,False,True,True,True,GeneCards,1,GeneCards;DisGeNET,2,GeneCards;DisGeNET,2,False,True,True,False,False,False,False,True,True,3.618697,100.0,,,,,0.2,0.8,5,Disease association evidence; not necessarily causal and not proof of therapeutic relevance.
IL17A,Interleukin 17A,3605,ENSG00000112115,MediumExtended,False,False,True,True,,0,DisGeNET,1,GeneCards;DisGeNET,2,False,False,True,False,False,False,False,True,True,2.871239,82.0,,,,,0.2,1.0,6,Disease association evidence; not necessarily causal and not proof of therapeutic relevance.
IL1B,Interleukin 1 Beta,3553,ENSG00000125538,Primary,False,True,True,True,GeneCards,1,GeneCards,1,GeneCards;DisGeNET,2,False,True,True,False,False,False,False,False,True,4.318134,91.0,,,,,0.2,0.75,8,Disease association evidence; not necessarily causal and not proof of therapeutic relevance.
IL1RL1,Interleukin 1 Receptor Like 1,9173,ENSG00000115602,Primary,False,True,True,True,GeneCards,1,GeneCards;DisGeNET,2,GeneCards;DisGeNET,2,False,True,True,False,False,False,False,True,True,3.7259526,87.0,,,,,0.2,1.0,4,Disease association evidence; not necessarily causal and not proof of therapeutic relevance.
IL33,Interleukin 33,90865,ENSG00000137033,Primary,False,True,True,True,GeneCards,1,GeneCards;DisGeNET,2,GeneCards;DisGeNET,2,False,True,True,False,False,False,False,True,True,3.4166965,84.0,,,,,0.2,1.0,5,Disease association evidence; not necessarily causal and not proof of therapeutic relevance.
IL4,interleukin 4,3565,ENSG00000113520,MediumExtended,False,False,True,True,,0,DisGeNET,1,DisGeNET,1,False,False,False,False,False,False,False,True,True,,,,,,,0.2,1.0,3,Disease association evidence; not necessarily causal and not proof of therapeutic relevance.
IL6,Interleukin 6,3569,ENSG00000136244,Strict,True,True,True,True,GeneCards;DisGeNET,2,GeneCards;DisGeNET,2,GeneCards;DisGeNET,2,True,True,True,False,False,False,True,True,True,7.739003,93.0,,,,,0.3,0.8888888888888888,27,Disease association evidence; not necessarily causal and not proof of therapeutic relevance.
ITIH4,Inter-Alpha-Trypsin Inhibitor Heavy Chain 4,,,Primary,False,True,True,True,GeneCards,1,GeneCards,1,GeneCards,1,False,True,True,False,False,False,False,False,False,4.2957315,82.0,,,,,,,,Disease association evidence; not necessarily causal and not proof of therapeutic relevance.
ITSN1,intersectin 1,6453,ENSG00000205726,MediumExtended,False,False,True,True,,0,DisGeNET,1,DisGeNET,1,False,False,False,False,False,False,False,True,True,,,,,,,0.2,1.0,2,Disease association evidence; not necessarily causal and not proof of therapeutic relevance.
JAK2,Janus Kinase 2,3717,ENSG00000096968,Strict,True,True,True,True,GeneCards,1,GeneCards;DisGeNET,2,GeneCards;DisGeNET,2,True,True,True,False,False,False,False,True,True,5.2918544,100.0,,,,,0.2,1.0,3,Disease association evidence; not necessarily causal and not proof of therapeutic relevance.
KDR,Kinase Insert Domain Receptor,3791,ENSG00000128052,Primary,False,True,True,True,GeneCards,1,GeneCards;DisGeNET,2,GeneCards;DisGeNET,2,False,True,True,False,False,False,False,True,True,3.2933404,99.0,,,,,0.2,1.0,3,Disease association evidence; not necessarily causal and not proof of therapeutic relevance.
KL,Klotho,9365,ENSG00000133116,MediumExtended,False,False,True,True,,0,DisGeNET,1,GeneCards;DisGeNET,2,False,False,True,False,False,False,False,True,True,1.6111301,91.0,,,,,0.2,1.0,2,Disease association evidence; not necessarily causal and not proof of therapeutic relevance.
KLK1,kallikrein 1,3816,ENSG00000167748,MediumExtended,False,False,True,True,,0,DisGeNET,1,DisGeNET,1,False,False,False,False,False,False,False,True,True,,,,,,,0.2,1.0,2,Disease association evidence; not necessarily causal and not proof of therapeutic relevance.
KLK4,kallikrein related peptidase 4,9622,ENSG00000167749,MediumExtended,False,False,True,True,,0,DisGeNET,1,DisGeNET,1,False,False,False,False,False,False,False,True,True,,,,,,,0.2,1.0,2,Disease association evidence; not necessarily causal and not proof of therapeutic relevance.
LCN2,Lipocalin 2,3934,ENSG00000148346,MediumExtended,False,False,True,True,,0,DisGeNET,1,GeneCards;DisGeNET,2,False,False,True,False,False,False,False,True,True,2.7043025,82.0,,,,,0.2,1.0,3,Disease association evidence; not necessarily causal and not proof of therapeutic relevance.
LGALS3,Galectin 3,3958,ENSG00000131981,Primary,False,True,True,True,GeneCards,1,GeneCards;DisGeNET,2,GeneCards;DisGeNET,2,False,True,True,False,False,False,False,True,True,4.685536,85.0,,,,,0.2,1.0,4,Disease association evidence; not necessarily causal and not proof of therapeutic relevance.
LRP1,LDL receptor related protein 1,4035,ENSG00000123384,MediumExtended,False,False,True,True,,0,DisGeNET,1,DisGeNET,1,False,False,False,False,False,False,False,True,True,,,,,,,0.25,1.0,2,Disease association evidence; not necessarily causal and not proof of therapeutic relevance.
MAPT,Microtubule Associated Protein Tau,4137,ENSG00000186868,MediumExtended,False,False,True,True,,0,DisGeNET,1,GeneCards;DisGeNET,2,False,False,True,False,False,False,False,True,True,2.6492987,100.0,,,,,0.25,1.0,4,Disease association evidence; not necessarily causal and not proof of therapeutic relevance.
MBL2,Mannose Binding Lectin 2,,,Primary,False,True,True,True,GeneCards,1,GeneCards,1,GeneCards,1,False,True,True,False,False,False,False,False,False,3.4166965,93.0,,,,,,,,Disease association evidence; not necessarily causal and not proof of therapeutic relevance.
MBP,Myelin Basic Protein,,,Primary,False,True,True,True,GeneCards,1,GeneCards,1,GeneCards,1,False,True,True,False,False,False,False,False,False,3.0065806,86.0,,,,,,,,Disease association evidence; not necessarily causal and not proof of therapeutic relevance.
MCL1,"MCL1 apoptosis regulator, BCL2 family member",4170,ENSG00000143384,MediumExtended,False,False,True,True,,0,DisGeNET,1,DisGeNET,1,False,False,False,False,False,False,False,True,True,,,,,,,0.2,1.0,2,Disease association evidence; not necessarily causal and not proof of therapeutic relevance.
METTL3,"methyltransferase 3, N6-adenosine-methyltransferase complex catalytic subunit",56339,ENSG00000165819,MediumExtended,False,False,True,True,,0,DisGeNET,1,DisGeNET,1,False,False,False,False,False,False,False,True,True,,,,,,,0.2,1.0,2,Disease association evidence; not necessarily causal and not proof of therapeutic relevance.
MMACHC,Metabolism of cobalamin associated C,25974,,MediumExtended,False,False,True,True,,0,OMIM,1,OMIM,1,False,False,False,False,False,True,False,False,False,,,609831,277400,Extended_Etiologic,metabolic_thrombosis,,,,Disease association evidence; not necessarily causal and not proof of therapeutic relevance.
MMP1,Matrix Metallopeptidase 1,4312,ENSG00000196611,MediumExtended,False,False,True,True,,0,DisGeNET,1,GeneCards;DisGeNET,2,False,False,True,False,False,False,False,True,True,1.9122307,92.0,,,,,0.2,1.0,2,Disease association evidence; not necessarily causal and not proof of therapeutic relevance.
MMP2,Matrix Metallopeptidase 2,4313,ENSG00000087245,Strict,True,True,True,True,GeneCards,1,GeneCards,1,GeneCards;DisGeNET,2,True,True,True,False,False,False,False,False,True,5.749848,100.0,,,,,0.25,0.75,4,Disease association evidence; not necessarily causal and not proof of therapeutic relevance.
MMP9,Matrix Metallopeptidase 9,4318,ENSG00000100985,Strict,True,True,True,True,GeneCards;DisGeNET,2,GeneCards;DisGeNET,2,GeneCards;DisGeNET,2,True,True,True,False,False,False,True,True,True,17.409672,100.0,,,,,0.35,0.9230769230769232,26,Disease association evidence; not necessarily causal and not proof of therapeutic relevance.
MPO,Myeloperoxidase,4353,ENSG00000005381,Primary,False,True,True,True,GeneCards,1,GeneCards;DisGeNET,2,GeneCards;DisGeNET,2,False,True,True,False,False,False,False,True,True,3.9671128,93.0,,,,,0.2,1.0,4,Disease association evidence; not necessarily causal and not proof of therapeutic relevance.
MTHFR,Methylenetetrahydrofolate Reductase,4524,ENSG00000177000,Primary,False,True,True,True,GeneCards,1,GeneCards;OMIM;DisGeNET,3,GeneCards;OMIM;DisGeNET,3,False,True,True,False,False,True,False,True,True,4.170785,100.0,607093,236250,Extended_Etiologic,metabolic_thrombosis,0.2,1.0,3,Disease association evidence; not necessarily causal and not proof of therapeutic relevance.
NAMPT,Nicotinamide Phosphoribosyltransferase,10135,ENSG00000105835,Primary,False,True,True,True,GeneCards,1,GeneCards;DisGeNET,2,GeneCards;DisGeNET,2,False,True,True,False,False,False,False,True,True,3.6847396,88.0,,,,,0.2,1.0,2,Disease association evidence; not necessarily causal and not proof of therapeutic relevance.
NEFL,Neurofilament Light Chain,4747,ENSG00000277586,MediumExtended,False,False,True,True,,0,DisGeNET,1,GeneCards;DisGeNET,2,False,False,True,False,False,False,False,True,True,2.4548626,94.0,,,,,0.2,1.0,8,Disease association evidence; not necessarily causal and not proof of therapeutic relevance.
NFE2L2,NFE2 Like BZIP Transcription Factor 2,4780,ENSG00000116044,MediumExtended,False,False,True,True,,0,DisGeNET,1,GeneCards;DisGeNET,2,False,False,True,False,False,False,False,True,True,1.7654351,100.0,,,,,0.25,1.0,2,Disease association evidence; not necessarily causal and not proof of therapeutic relevance.
NFKB1,Nuclear Factor Kappa B Subunit 1,4790,ENSG00000109320,Strict,True,True,True,True,GeneCards,1,GeneCards;DisGeNET,2,GeneCards;DisGeNET,2,True,True,True,False,False,False,False,True,True,10.322936,100.0,,,,,0.2,1.0,5,Disease association evidence; not necessarily causal and not proof of therapeutic relevance.
NGFR,Nerve Growth Factor Receptor,,,Primary,False,True,True,True,GeneCards,1,GeneCards,1,GeneCards,1,False,True,True,False,False,False,False,False,False,4.0905466,88.0,,,,,,,,Disease association evidence; not necessarily causal and not proof of therapeutic relevance.
NIT1,Nitrilase 1,4817,,MediumExtended,False,False,True,True,,0,OMIM,1,GeneCards;OMIM,2,False,False,True,False,False,True,False,False,False,1.3140942,60.0,604618,621313,Extended_Etiologic,mixed_small_vessel,,,,Disease association evidence; not necessarily causal and not proof of therapeutic relevance.
NLRP3,NLR Family Pyrin Domain Containing 3,114548,ENSG00000162711,MediumExtended,False,False,True,True,,0,DisGeNET,1,GeneCards;DisGeNET,2,False,False,True,False,False,False,False,True,True,2.374183,100.0,,,,,0.2,1.0,4,Disease association evidence; not necessarily causal and not proof of therapeutic relevance.
NOS3,Nitric Oxide Synthase 3,4846,ENSG00000164867,Primary,False,True,True,True,GeneCards,1,GeneCards;OMIM,2,GeneCards;OMIM;DisGeNET,3,False,True,True,False,False,True,False,False,True,4.209799,100.0,163729,621469,Extended_Etiologic,moyamoya,0.2,0.3333333333333333,3,Disease association evidence; not necessarily causal and not proof of therapeutic relevance.
NOTCH3,Notch Receptor 3,4854,,Primary,False,True,True,True,GeneCards;OMIM,2,GeneCards;OMIM,2,GeneCards;OMIM,2,False,True,True,False,True,True,False,False,False,4.875478,100.0,600276,125310,Primary_Adult_Monogenic,arteriopathy,,,,Disease association evidence; not necessarily causal and not proof of therapeutic relevance.
NPPA,Natriuretic Peptide A,4878,ENSG00000175206,MediumExtended,False,False,True,True,,0,DisGeNET,1,GeneCards;DisGeNET,2,False,False,True,False,False,False,False,True,True,1.3140942,91.0,,,,,0.2,1.0,4,Disease association evidence; not necessarily causal and not proof of therapeutic relevance.
NPPB,Natriuretic Peptide B,4879,ENSG00000120937,Strict,True,True,True,True,GeneCards;DisGeNET,2,GeneCards;DisGeNET,2,GeneCards;DisGeNET,2,True,True,True,False,False,False,True,True,True,6.214533,74.0,,,,,0.3,0.9444444444444444,18,Disease association evidence; not necessarily causal and not proof of therapeutic relevance.
OCLN,Occludin,100506658,ENSG00000197822,MediumExtended,False,False,True,True,,0,DisGeNET,1,GeneCards;DisGeNET,2,False,False,True,False,False,False,False,True,True,1.7358501,94.0,,,,,0.25,1.0,4,Disease association evidence; not necessarily causal and not proof of therapeutic relevance.
OLR1,Oxidized Low Density Lipoprotein Receptor 1,,,Primary,False,True,True,True,GeneCards,1,GeneCards,1,GeneCards,1,False,True,True,False,False,False,False,False,False,3.2676756,80.0,,,,,,,,Disease association evidence; not necessarily causal and not proof of therapeutic relevance.
PANX1,Pannexin 1,,,Primary,False,True,True,True,GeneCards,1,GeneCards,1,GeneCards,1,False,True,True,False,False,False,False,False,False,4.0603924,84.0,,,,,,,,Disease association evidence; not necessarily causal and not proof of therapeutic relevance.
PARP1,Poly(ADP-Ribose) Polymerase 1,142,ENSG00000143799,MediumExtended,False,False,True,True,,0,DisGeNET,1,GeneCards;DisGeNET,2,False,False,True,False,False,False,False,True,True,2.0475724,96.0,,,,,0.2,1.0,2,Disease association evidence; not necessarily causal and not proof of therapeutic relevance.
PCSK9,Proprotein Convertase Subtilisin/Kexin Type 9,,,Primary,False,True,True,True,GeneCards,1,GeneCards,1,GeneCards,1,False,True,True,False,False,False,False,False,False,4.9360347,100.0,,,,,,,,Disease association evidence; not necessarily causal and not proof of therapeutic relevance.
PDE3A,Phosphodiesterase 3A,5139,,MediumExtended,False,False,True,True,,0,OMIM,1,OMIM,1,False,False,False,False,False,True,False,False,False,,,123805,112410,Extended_Etiologic,upstream_hypertension,,,,Disease association evidence; not necessarily causal and not proof of therapeutic relevance.
PLA2G7,Phospholipase A2 Group VII,7941,ENSG00000146070,Strict,True,True,True,True,GeneCards;DisGeNET,2,GeneCards;DisGeNET,2,GeneCards;DisGeNET,2,False,True,True,False,False,False,True,True,True,4.5516458,82.0,,,,,0.3,1.0,15,Disease association evidence; not necessarily causal and not proof of therapeutic relevance.
PLAT,"Plasminogen Activator, Tissue Type",5327,ENSG00000104368,Strict,True,True,True,True,GeneCards;DisGeNET,2,GeneCards;DisGeNET,2,GeneCards;DisGeNET,2,True,True,True,False,False,False,True,True,True,14.745126,92.0,,,,,0.35,1.0,20,Disease association evidence; not necessarily causal and not proof of therapeutic relevance.
PLAU,"Plasminogen Activator, Urokinase",,,Strict,True,True,True,True,GeneCards,1,GeneCards,1,GeneCards,1,True,True,True,False,False,False,False,False,False,21.936646,99.0,,,,,,,,Disease association evidence; not necessarily causal and not proof of therapeutic relevance.
PON1,Paraoxonase 1,5444,ENSG00000005421,Primary,False,True,True,True,GeneCards,1,GeneCards;DisGeNET,2,GeneCards;DisGeNET,2,False,True,True,False,False,False,False,True,True,4.3750615,86.0,,,,,0.2,0.8333333333333334,6,Disease association evidence; not necessarily causal and not proof of therapeutic relevance.
PROC,Protein C,5624,,MediumExtended,False,False,True,True,,0,OMIM,1,OMIM,1,False,False,False,False,False,True,False,False,False,,,612283,176860,Extended_Etiologic,thrombophilia,,,,Disease association evidence; not necessarily causal and not proof of therapeutic relevance.
PROM1,Prominin 1,8842,ENSG00000007062,MediumExtended,False,False,True,True,,0,DisGeNET,1,GeneCards;DisGeNET,2,False,False,True,False,False,False,False,True,True,2.5902042,91.0,,,,,0.2,1.0,2,Disease association evidence; not necessarily causal and not proof of therapeutic relevance.
PROS1,Protein S,5627,,MediumExtended,False,False,True,True,,0,OMIM,1,OMIM,1,False,False,False,False,False,True,False,False,False,,,176880,612336,Extended_Etiologic,thrombophilia,,,,Disease association evidence; not necessarily causal and not proof of therapeutic relevance.
PTGS2,Prostaglandin-Endoperoxide Synthase 2,,,Primary,False,True,True,True,GeneCards,1,GeneCards,1,GeneCards,1,False,True,True,False,False,False,False,False,False,4.9633937,91.0,,,,,,,,Disease association evidence; not necessarily causal and not proof of therapeutic relevance.
RBP4,Retinol Binding Protein 4,5950,ENSG00000138207,Primary,False,True,True,True,GeneCards,1,GeneCards;DisGeNET,2,GeneCards;DisGeNET,2,False,True,True,False,False,False,False,True,True,3.357602,95.0,,,,,0.2,1.0,5,Disease association evidence; not necessarily causal and not proof of therapeutic relevance.
RETN,Resistin,56729,ENSG00000104918,Primary,False,True,True,True,GeneCards,1,GeneCards;DisGeNET,2,GeneCards;DisGeNET,2,False,True,True,False,False,False,False,True,True,3.1723397,69.0,,,,,0.2,1.0,2,Disease association evidence; not necessarily causal and not proof of therapeutic relevance.
RIPK1,Receptor Interacting Serine/Threonine Kinase 1,8737,ENSG00000137275,MediumExtended,False,False,True,True,,0,DisGeNET,1,GeneCards;DisGeNET,2,False,False,True,False,False,False,False,True,True,2.871239,100.0,,,,,0.25,1.0,3,Disease association evidence; not necessarily causal and not proof of therapeutic relevance.
RIPK3,Receptor Interacting Serine/Threonine Kinase 3,11035,ENSG00000129465,MediumExtended,False,False,True,True,,0,DisGeNET,1,GeneCards;DisGeNET,2,False,False,True,False,False,False,False,True,True,1.6111301,88.0,,,,,0.25,1.0,3,Disease association evidence; not necessarily causal and not proof of therapeutic relevance.
RNF213,Ring finger protein 213,57674,,MediumExtended,False,False,True,True,,0,OMIM,1,OMIM,1,False,False,False,False,False,True,False,False,False,,,613768,607151,Extended_Etiologic,moyamoya,,,,Disease association evidence; not necessarily causal and not proof of therapeutic relevance.
ROCK2,Rho associated coiled-coil containing protein kinase 2,9475,ENSG00000134318,MediumExtended,False,False,True,True,,0,DisGeNET,1,DisGeNET,1,False,False,False,False,False,False,False,True,True,,,,,,,0.2,1.0,2,Disease association evidence; not necessarily causal and not proof of therapeutic relevance.
S100A9,S100 Calcium Binding Protein A9,6280,ENSG00000163220,MediumExtended,False,False,True,True,,0,DisGeNET,1,GeneCards;DisGeNET,2,False,False,True,False,False,False,False,True,True,2.0475724,85.0,,,,,0.25,1.0,2,Disease association evidence; not necessarily causal and not proof of therapeutic relevance.
S100B,S100 Calcium Binding Protein B,6285,ENSG00000160307,Strict,True,True,True,True,GeneCards,1,GeneCards;DisGeNET,2,GeneCards;DisGeNET,2,True,True,True,False,False,False,False,True,True,6.4530697,88.0,,,,,0.2,0.8571428571428571,7,Disease association evidence; not necessarily causal and not proof of therapeutic relevance.
SAA1,Serum Amyloid A1,6288,ENSG00000173432,Primary,False,True,True,True,GeneCards,1,GeneCards;DisGeNET,2,GeneCards;DisGeNET,2,False,True,True,False,False,False,False,True,True,3.2212017,79.0,,,,,0.25,1.0,2,Disease association evidence; not necessarily causal and not proof of therapeutic relevance.
SDC1,syndecan 1,6382,ENSG00000115884,MediumExtended,False,False,True,True,,0,DisGeNET,1,DisGeNET,1,False,False,False,False,False,False,False,True,True,,,,,,,0.2,1.0,2,Disease association evidence; not necessarily causal and not proof of therapeutic relevance.
SERPINC1,Serpin family C member 1,462,,MediumExtended,False,False,True,True,,0,OMIM,1,OMIM,1,False,False,False,False,False,True,False,False,False,,,107300,613118,Extended_Etiologic,thrombophilia,,,,Disease association evidence; not necessarily causal and not proof of therapeutic relevance.
SERPINE1,Serpin Family E Member 1,,,Strict,True,True,True,True,GeneCards,1,GeneCards,1,GeneCards,1,True,True,True,False,False,False,False,False,False,5.2394767,99.0,,,,,,,,Disease association evidence; not necessarily causal and not proof of therapeutic relevance.
SIRT1,Sirtuin 1,23411,ENSG00000096717,MediumExtended,False,False,True,True,,0,DisGeNET,1,GeneCards;DisGeNET,2,False,False,True,False,False,False,False,True,True,2.8048253,97.0,,,,,0.25,0.8,5,Disease association evidence; not necessarily causal and not proof of therapeutic relevance.
SNCB,Synuclein Beta,6620,ENSG00000074317,MediumExtended,False,False,True,True,,0,DisGeNET,1,GeneCards;DisGeNET,2,False,False,True,False,False,False,False,True,True,1.7358501,72.0,,,,,0.2,1.0,3,Disease association evidence; not necessarily causal and not proof of therapeutic relevance.
SSTR2,somatostatin receptor 2,6752,ENSG00000180616,MediumExtended,False,False,True,True,,0,DisGeNET,1,DisGeNET,1,False,False,False,False,False,False,False,True,True,,,,,,,0.2,1.0,2,Disease association evidence; not necessarily causal and not proof of therapeutic relevance.
STAT3,Signal Transducer And Activator Of Transcription 3,6774,ENSG00000168610,MediumExtended,False,False,True,True,,0,DisGeNET,1,GeneCards;DisGeNET,2,False,False,True,False,False,False,False,True,True,2.278482,100.0,,,,,0.2,1.0,4,Disease association evidence; not necessarily causal and not proof of therapeutic relevance.
THBD,Thrombomodulin,7056,ENSG00000178726,MediumExtended,False,False,True,True,,0,OMIM;DisGeNET,2,GeneCards;OMIM;DisGeNET,3,False,False,True,False,False,True,False,True,True,2.0475724,93.0,188040,614486,Extended_Etiologic,thrombophilia,0.2,1.0,2,Disease association evidence; not necessarily causal and not proof of therapeutic relevance.
THBS1,Thrombospondin 1,7057,ENSG00000137801,MediumExtended,False,False,True,True,,0,DisGeNET,1,GeneCards;DisGeNET,2,False,False,True,False,False,False,False,True,True,1.3100295,95.0,,,,,0.2,1.0,2,Disease association evidence; not necessarily causal and not proof of therapeutic relevance.
TJP1,Tight Junction Protein 1,,,Strict,True,True,True,True,GeneCards,1,GeneCards,1,GeneCards,1,True,True,True,False,False,False,False,False,False,5.373794,96.0,,,,,,,,Disease association evidence; not necessarily causal and not proof of therapeutic relevance.
TLR4,Toll Like Receptor 4,7099,ENSG00000136869,Strict,True,True,True,True,GeneCards,1,GeneCards;DisGeNET,2,GeneCards;DisGeNET,2,True,True,True,False,False,False,False,True,True,5.007799,96.0,,,,,0.25,1.0,4,Disease association evidence; not necessarily causal and not proof of therapeutic relevance.
TNF,Tumor Necrosis Factor,7124,ENSG00000232810,Strict,True,True,True,True,GeneCards;DisGeNET,2,GeneCards;DisGeNET,2,GeneCards;DisGeNET,2,False,True,True,False,False,False,True,True,True,3.3012965,91.0,,,,,0.3,0.8235294117647058,17,Disease association evidence; not necessarily causal and not proof of therapeutic relevance.
TNFRSF11B,TNF Receptor Superfamily Member 11b,4982,ENSG00000164761,MediumExtended,False,False,True,True,,0,DisGeNET,1,GeneCards;DisGeNET,2,False,False,True,False,False,False,False,True,True,2.4548626,91.0,,,,,0.2,1.0,3,Disease association evidence; not necessarily causal and not proof of therapeutic relevance.
TNFSF10,TNF Superfamily Member 10,8743,ENSG00000121858,MediumExtended,False,False,True,True,,0,DisGeNET,1,GeneCards;DisGeNET,2,False,False,True,False,False,False,False,True,True,2.6492987,88.0,,,,,0.2,1.0,2,Disease association evidence; not necessarily causal and not proof of therapeutic relevance.
TNNI3,"Troponin I3, Cardiac Type",7137,ENSG00000129991,Primary,False,True,True,True,GeneCards,1,GeneCards;DisGeNET,2,GeneCards;DisGeNET,2,False,True,True,False,False,False,False,True,True,3.0065806,92.0,,,,,0.2,0.8333333333333334,6,Disease association evidence; not necessarily causal and not proof of therapeutic relevance.
TNNT2,"Troponin T2, Cardiac Type",7139,ENSG00000118194,Primary,False,True,True,True,GeneCards,1,GeneCards;DisGeNET,2,GeneCards;DisGeNET,2,False,True,True,False,False,False,False,True,True,4.251947,91.0,,,,,0.2,0.875,8,Disease association evidence; not necessarily causal and not proof of therapeutic relevance.
TP53,Tumor Protein P53,7157,ENSG00000141510,MediumExtended,False,False,True,True,,0,DisGeNET,1,GeneCards;DisGeNET,2,False,False,True,False,False,False,False,True,True,1.3100295,100.0,,,,,0.2,1.0,3,Disease association evidence; not necessarily causal and not proof of therapeutic relevance.
TREM1,Triggering Receptor Expressed On Myeloid Cells 1,54210,ENSG00000124731,MediumExtended,False,False,True,True,,0,DisGeNET,1,GeneCards;DisGeNET,2,False,False,True,False,False,False,False,True,True,2.4548626,78.0,,,,,0.2,1.0,2,Disease association evidence; not necessarily causal and not proof of therapeutic relevance.
TREM2,Triggering Receptor Expressed On Myeloid Cells 2,54209,ENSG00000095970,Primary,False,True,True,True,GeneCards,1,GeneCards;DisGeNET,2,GeneCards;DisGeNET,2,False,True,True,False,False,False,False,True,True,3.2933404,89.0,,,,,0.2,1.0,4,Disease association evidence; not necessarily causal and not proof of therapeutic relevance.
TREML1,triggering receptor expressed on myeloid cells like 1,340205,ENSG00000161911,MediumExtended,False,False,True,True,,0,DisGeNET,1,DisGeNET,1,False,False,False,False,False,False,False,True,True,,,,,,,0.2,1.0,2,Disease association evidence; not necessarily causal and not proof of therapeutic relevance.
TREX1,Three prime repair exonuclease 1,11277,,MediumExtended,False,False,True,True,,0,OMIM,1,OMIM,1,False,False,False,False,False,True,False,False,False,,,606609,192315,Extended_Etiologic,systemic_microvasculopathy,,,,Disease association evidence; not necessarily causal and not proof of therapeutic relevance.
TXN,thioredoxin,7295,ENSG00000136810,MediumExtended,False,False,True,True,,0,DisGeNET,1,DisGeNET,1,False,False,False,False,False,False,False,True,True,,,,,,,0.2,1.0,5,Disease association evidence; not necessarily causal and not proof of therapeutic relevance.
VEGFA,Vascular Endothelial Growth Factor A,7422,ENSG00000112715,Strict,True,True,True,True,GeneCards;DisGeNET,2,GeneCards;DisGeNET,2,GeneCards;DisGeNET,2,True,True,True,False,False,False,True,True,True,5.9507003,97.0,,,,,0.35,0.9411764705882352,17,Disease association evidence; not necessarily causal and not proof of therapeutic relevance.
VWF,Von Willebrand Factor,7450,ENSG00000110799,Primary,False,True,True,True,GeneCards,1,GeneCards;DisGeNET,2,GeneCards;DisGeNET,2,False,True,True,False,False,False,False,True,True,4.2005696,100.0,,,,,0.2,1.0,5,Disease association evidence; not necessarily causal and not proof of therapeutic relevance.
