Gene_Rank,Gene_Symbol,UniProt_Accession,Source_ChEMBL_IDs,Source_Target_Names,Source_Target_Types,Source_Target_Entity_Count,Component_Relationship,Complex_Derived,Chimeric_Derived,Mutation_Context,D_Score,I_Score,Max_Activity_Score,PASS_Evidence_Type,Raw_Evidence_Record_Count,Score_Band_Descriptive,Prediction_Included,Evidence_Type,Organism,Tax_ID,Query_Compound,PubChem_CID,Source_Database,Source_Version,Retrieval_Date,Activity_Score_Interpretation,Pharmacologic_Direction,Source_URL
1,GSR,P00390,CHEMBL2755,"Glutathione reductase, mitochondrial",SINGLE PROTEIN,1,single_protein,false,false,,0.5345,,0.5345,D,1,>=0.50,true,prediction_only,Homo sapiens,9606,Bilobalide,73581,PASS Targets,PASS Targets web; ChEMBL v36; February 2026 update,2026-07-14,Pa_minus_Pi_not_probability,not_available,https://way2drug.com/passtargets/
2,SLC22A2,O15244,CHEMBL1743122,Solute carrier family 22 member 2,SINGLE PROTEIN,1,single_protein,false,false,,,0.5242,0.5242,I,1,>=0.50,true,prediction_only,Homo sapiens,9606,Bilobalide,73581,PASS Targets,PASS Targets web; ChEMBL v36; February 2026 update,2026-07-14,Pa_minus_Pi_not_probability,not_available,https://way2drug.com/passtargets/
3,DRD1,P21728,CHEMBL2056,D(1A) dopamine receptor,SINGLE PROTEIN,1,single_protein,false,false,,0.483,,0.483,D,1,0.40-<0.50,true,prediction_only,Homo sapiens,9606,Bilobalide,73581,PASS Targets,PASS Targets web; ChEMBL v36; February 2026 update,2026-07-14,Pa_minus_Pi_not_probability,not_available,https://way2drug.com/passtargets/
4,SIRT1,Q96EB6,CHEMBL4506,NAD-dependent protein deacetylase sirtuin-1,SINGLE PROTEIN,1,single_protein,false,false,,,0.4695,0.4695,I,1,0.40-<0.50,true,prediction_only,Homo sapiens,9606,Bilobalide,73581,PASS Targets,PASS Targets web; ChEMBL v36; February 2026 update,2026-07-14,Pa_minus_Pi_not_probability,not_available,https://way2drug.com/passtargets/
5,GLRA1,P23415,CHEMBL5845,Glycine receptor subunit alpha-1,SINGLE PROTEIN,1,single_protein,false,false,,,0.3681,0.3681,I,1,0.30-<0.40,true,prediction_only,Homo sapiens,9606,Bilobalide,73581,PASS Targets,PASS Targets web; ChEMBL v36; February 2026 update,2026-07-14,Pa_minus_Pi_not_probability,not_available,https://way2drug.com/passtargets/
6,PRKACA,P17612,CHEMBL4101,cAMP-dependent protein kinase catalytic subunit alpha,SINGLE PROTEIN,1,single_protein,false,false,,0.3238,,0.3238,D,1,0.30-<0.40,true,prediction_only,Homo sapiens,9606,Bilobalide,73581,PASS Targets,PASS Targets web; ChEMBL v36; February 2026 update,2026-07-14,Pa_minus_Pi_not_probability,not_available,https://way2drug.com/passtargets/
7,CTSV,O60911,CHEMBL3272,Cathepsin L2,SINGLE PROTEIN,1,single_protein,false,false,,0.3152,,0.3152,D,1,0.30-<0.40,true,prediction_only,Homo sapiens,9606,Bilobalide,73581,PASS Targets,PASS Targets web; ChEMBL v36; February 2026 update,2026-07-14,Pa_minus_Pi_not_probability,not_available,https://way2drug.com/passtargets/
8,ABCB11,O95342,CHEMBL6020,Bile salt export pump,SINGLE PROTEIN,1,single_protein,false,false,,,0.2922,0.2922,I,1,0.20-<0.30,true,prediction_only,Homo sapiens,9606,Bilobalide,73581,PASS Targets,PASS Targets web; ChEMBL v36; February 2026 update,2026-07-14,Pa_minus_Pi_not_probability,not_available,https://way2drug.com/passtargets/
9,SENP1,Q9P0U3,CHEMBL1909484,Sentrin-specific protease 1,SINGLE PROTEIN,1,single_protein,false,false,,0.2798,,0.2798,D,1,0.20-<0.30,true,prediction_only,Homo sapiens,9606,Bilobalide,73581,PASS Targets,PASS Targets web; ChEMBL v36; February 2026 update,2026-07-14,Pa_minus_Pi_not_probability,not_available,https://way2drug.com/passtargets/
10,TOP2A,P11388,CHEMBL1806,DNA topoisomerase 2-alpha,SINGLE PROTEIN,1,single_protein,false,false,,,0.2638,0.2638,I,1,0.20-<0.30,true,prediction_only,Homo sapiens,9606,Bilobalide,73581,PASS Targets,PASS Targets web; ChEMBL v36; February 2026 update,2026-07-14,Pa_minus_Pi_not_probability,not_available,https://way2drug.com/passtargets/
11,PTPRC,P08575,CHEMBL3243,Receptor-type tyrosine-protein phosphatase C,SINGLE PROTEIN,1,single_protein,false,false,,0.2558,,0.2558,D,1,0.20-<0.30,true,prediction_only,Homo sapiens,9606,Bilobalide,73581,PASS Targets,PASS Targets web; ChEMBL v36; February 2026 update,2026-07-14,Pa_minus_Pi_not_probability,not_available,https://way2drug.com/passtargets/
12,TOP1,P11387,CHEMBL1781,DNA topoisomerase 1,SINGLE PROTEIN,1,single_protein,false,false,,0.2427,,0.2427,D,1,0.20-<0.30,true,prediction_only,Homo sapiens,9606,Bilobalide,73581,PASS Targets,PASS Targets web; ChEMBL v36; February 2026 update,2026-07-14,Pa_minus_Pi_not_probability,not_available,https://way2drug.com/passtargets/
13,PPP5C,P53041,CHEMBL3425389,Serine/threonine-protein phosphatase 5,SINGLE PROTEIN,1,single_protein,false,false,,0.2341,,0.2341,D,1,0.20-<0.30,true,prediction_only,Homo sapiens,9606,Bilobalide,73581,PASS Targets,PASS Targets web; ChEMBL v36; February 2026 update,2026-07-14,Pa_minus_Pi_not_probability,not_available,https://way2drug.com/passtargets/
14,SLC22A1,O15245,CHEMBL5685,Solute carrier family 22 member 1,SINGLE PROTEIN,1,single_protein,false,false,,,0.227,0.227,I,1,0.20-<0.30,true,prediction_only,Homo sapiens,9606,Bilobalide,73581,PASS Targets,PASS Targets web; ChEMBL v36; February 2026 update,2026-07-14,Pa_minus_Pi_not_probability,not_available,https://way2drug.com/passtargets/
15,LYPLA1,O75608,CHEMBL1681631,Acyl-protein thioesterase 1,SINGLE PROTEIN,1,single_protein,false,false,,0.2199,,0.2199,D,1,0.20-<0.30,true,prediction_only,Homo sapiens,9606,Bilobalide,73581,PASS Targets,PASS Targets web; ChEMBL v36; February 2026 update,2026-07-14,Pa_minus_Pi_not_probability,not_available,https://way2drug.com/passtargets/
16,OPRK1,P41145,CHEMBL237,Kappa-type opioid receptor,SINGLE PROTEIN,1,single_protein,false,false,,0.1097,0.2131,0.2131,D+I,2,0.20-<0.30,true,prediction_only,Homo sapiens,9606,Bilobalide,73581,PASS Targets,PASS Targets web; ChEMBL v36; February 2026 update,2026-07-14,Pa_minus_Pi_not_probability,not_available,https://way2drug.com/passtargets/
17,SOAT1,P35610,CHEMBL2782,Sterol O-acyltransferase 1,SINGLE PROTEIN,1,single_protein,false,false,,0.1935,0.01,0.1935,D+I,2,0.10-<0.20,true,prediction_only,Homo sapiens,9606,Bilobalide,73581,PASS Targets,PASS Targets web; ChEMBL v36; February 2026 update,2026-07-14,Pa_minus_Pi_not_probability,not_available,https://way2drug.com/passtargets/
18,CA3,P07451,CHEMBL2885,Carbonic anhydrase 3,SINGLE PROTEIN,1,single_protein,false,false,,0.1871,,0.1871,D,1,0.10-<0.20,true,prediction_only,Homo sapiens,9606,Bilobalide,73581,PASS Targets,PASS Targets web; ChEMBL v36; February 2026 update,2026-07-14,Pa_minus_Pi_not_probability,not_available,https://way2drug.com/passtargets/
19,TOP2B,Q02880,CHEMBL3396,DNA topoisomerase 2-beta,SINGLE PROTEIN,1,single_protein,false,false,,0.1832,,0.1832,D,1,0.10-<0.20,true,prediction_only,Homo sapiens,9606,Bilobalide,73581,PASS Targets,PASS Targets web; ChEMBL v36; February 2026 update,2026-07-14,Pa_minus_Pi_not_probability,not_available,https://way2drug.com/passtargets/
20,CGAS,Q8N884,CHEMBL4105728,Cyclic GMP-AMP synthase,SINGLE PROTEIN,1,single_protein,false,false,,0.1679,,0.1679,D,1,0.10-<0.20,true,prediction_only,Homo sapiens,9606,Bilobalide,73581,PASS Targets,PASS Targets web; ChEMBL v36; February 2026 update,2026-07-14,Pa_minus_Pi_not_probability,not_available,https://way2drug.com/passtargets/
21,PPID,Q08752,CHEMBL1697657,Peptidyl-prolyl cis-trans isomerase D,SINGLE PROTEIN,1,single_protein,false,false,,0.1674,,0.1674,D,1,0.10-<0.20,true,prediction_only,Homo sapiens,9606,Bilobalide,73581,PASS Targets,PASS Targets web; ChEMBL v36; February 2026 update,2026-07-14,Pa_minus_Pi_not_probability,not_available,https://way2drug.com/passtargets/
22,TNF,P01375,CHEMBL1825,Tumor necrosis factor,SINGLE PROTEIN,1,single_protein,false,false,,0.1438,,0.1438,D,1,0.10-<0.20,true,prediction_only,Homo sapiens,9606,Bilobalide,73581,PASS Targets,PASS Targets web; ChEMBL v36; February 2026 update,2026-07-14,Pa_minus_Pi_not_probability,not_available,https://way2drug.com/passtargets/
23,CASP8,Q14790,CHEMBL3776,Caspase-8,SINGLE PROTEIN,1,single_protein,false,false,,0.1402,,0.1402,D,1,0.10-<0.20,true,prediction_only,Homo sapiens,9606,Bilobalide,73581,PASS Targets,PASS Targets web; ChEMBL v36; February 2026 update,2026-07-14,Pa_minus_Pi_not_probability,not_available,https://way2drug.com/passtargets/
24,SLC47A2,Q86VL8,CHEMBL1743127,Multidrug and toxin extrusion protein 2,SINGLE PROTEIN,1,single_protein,false,false,,,0.1397,0.1397,I,1,0.10-<0.20,true,prediction_only,Homo sapiens,9606,Bilobalide,73581,PASS Targets,PASS Targets web; ChEMBL v36; February 2026 update,2026-07-14,Pa_minus_Pi_not_probability,not_available,https://way2drug.com/passtargets/
25,DRD2,P14416,CHEMBL217,D(2) dopamine receptor,SINGLE PROTEIN,1,single_protein,false,false,,0.134,,0.134,D,1,0.10-<0.20,true,prediction_only,Homo sapiens,9606,Bilobalide,73581,PASS Targets,PASS Targets web; ChEMBL v36; February 2026 update,2026-07-14,Pa_minus_Pi_not_probability,not_available,https://way2drug.com/passtargets/
26,F2R,P25116,CHEMBL3974,Proteinase-activated receptor 1,SINGLE PROTEIN,1,single_protein,false,false,,,0.1169,0.1169,I,1,0.10-<0.20,true,prediction_only,Homo sapiens,9606,Bilobalide,73581,PASS Targets,PASS Targets web; ChEMBL v36; February 2026 update,2026-07-14,Pa_minus_Pi_not_probability,not_available,https://way2drug.com/passtargets/
27,PRKCD,Q05655,CHEMBL2996,Protein kinase C delta type,SINGLE PROTEIN,1,single_protein,false,false,,0.1079,0.0611,0.1079,D+I,2,0.10-<0.20,true,prediction_only,Homo sapiens,9606,Bilobalide,73581,PASS Targets,PASS Targets web; ChEMBL v36; February 2026 update,2026-07-14,Pa_minus_Pi_not_probability,not_available,https://way2drug.com/passtargets/
28,CTNNB1,P35222,CHEMBL5866,Catenin beta-1,SINGLE PROTEIN,1,single_protein,false,false,,0.1043,,0.1043,D,1,0.10-<0.20,true,prediction_only,Homo sapiens,9606,Bilobalide,73581,PASS Targets,PASS Targets web; ChEMBL v36; February 2026 update,2026-07-14,Pa_minus_Pi_not_probability,not_available,https://way2drug.com/passtargets/
29,TBXAS1,P24557,CHEMBL1835,Thromboxane-A synthase,SINGLE PROTEIN,1,single_protein,false,false,,0.1032,,0.1032,D,1,0.10-<0.20,true,prediction_only,Homo sapiens,9606,Bilobalide,73581,PASS Targets,PASS Targets web; ChEMBL v36; February 2026 update,2026-07-14,Pa_minus_Pi_not_probability,not_available,https://way2drug.com/passtargets/
30,RELA,Q04206,CHEMBL5533,Transcription factor p65,SINGLE PROTEIN,1,single_protein,false,false,,0.026,0.0966,0.0966,D+I,2,0.05-<0.10,true,prediction_only,Homo sapiens,9606,Bilobalide,73581,PASS Targets,PASS Targets web; ChEMBL v36; February 2026 update,2026-07-14,Pa_minus_Pi_not_probability,not_available,https://way2drug.com/passtargets/
31,NT5E,P21589,CHEMBL5957,5'-nucleotidase,SINGLE PROTEIN,1,single_protein,false,false,,0.0897,,0.0897,D,1,0.05-<0.10,true,prediction_only,Homo sapiens,9606,Bilobalide,73581,PASS Targets,PASS Targets web; ChEMBL v36; February 2026 update,2026-07-14,Pa_minus_Pi_not_probability,not_available,https://way2drug.com/passtargets/
32,DNMT1,P26358,CHEMBL1993,DNA (cytosine-5)-methyltransferase 1,SINGLE PROTEIN,1,single_protein,false,false,,,0.0879,0.0879,I,1,0.05-<0.10,true,prediction_only,Homo sapiens,9606,Bilobalide,73581,PASS Targets,PASS Targets web; ChEMBL v36; February 2026 update,2026-07-14,Pa_minus_Pi_not_probability,not_available,https://way2drug.com/passtargets/
33,GPBAR1,Q8TDU6,CHEMBL5409,G-protein coupled bile acid receptor 1,SINGLE PROTEIN,1,single_protein,false,false,,0.0863,,0.0863,D,1,0.05-<0.10,true,prediction_only,Homo sapiens,9606,Bilobalide,73581,PASS Targets,PASS Targets web; ChEMBL v36; February 2026 update,2026-07-14,Pa_minus_Pi_not_probability,not_available,https://way2drug.com/passtargets/
34,STK25,O00506,CHEMBL5552,Serine/threonine-protein kinase 25,SINGLE PROTEIN,1,single_protein,false,false,,0.0854,,0.0854,D,1,0.05-<0.10,true,prediction_only,Homo sapiens,9606,Bilobalide,73581,PASS Targets,PASS Targets web; ChEMBL v36; February 2026 update,2026-07-14,Pa_minus_Pi_not_probability,not_available,https://way2drug.com/passtargets/
35,PRKCG,P05129,CHEMBL2938,Protein kinase C gamma type,SINGLE PROTEIN,1,single_protein,false,false,,0.085,,0.085,D,1,0.05-<0.10,true,prediction_only,Homo sapiens,9606,Bilobalide,73581,PASS Targets,PASS Targets web; ChEMBL v36; February 2026 update,2026-07-14,Pa_minus_Pi_not_probability,not_available,https://way2drug.com/passtargets/
36,FHIT,P49789,CHEMBL1795151,Bis(5'-adenosyl)-triphosphatase,SINGLE PROTEIN,1,single_protein,false,false,,0.0849,,0.0849,D,1,0.05-<0.10,true,prediction_only,Homo sapiens,9606,Bilobalide,73581,PASS Targets,PASS Targets web; ChEMBL v36; February 2026 update,2026-07-14,Pa_minus_Pi_not_probability,not_available,https://way2drug.com/passtargets/
37,NR4A2,P43354,CHEMBL5002,Nuclear receptor subfamily 4 group A member 2,SINGLE PROTEIN,1,single_protein,false,false,,0.0841,,0.0841,D,1,0.05-<0.10,true,prediction_only,Homo sapiens,9606,Bilobalide,73581,PASS Targets,PASS Targets web; ChEMBL v36; February 2026 update,2026-07-14,Pa_minus_Pi_not_probability,not_available,https://way2drug.com/passtargets/
38,SMPD1,P17405,CHEMBL2760,Sphingomyelin phosphodiesterase,SINGLE PROTEIN,1,single_protein,false,false,,,0.0808,0.0808,I,1,0.05-<0.10,true,prediction_only,Homo sapiens,9606,Bilobalide,73581,PASS Targets,PASS Targets web; ChEMBL v36; February 2026 update,2026-07-14,Pa_minus_Pi_not_probability,not_available,https://way2drug.com/passtargets/
39,CDK19,Q9BWU1,CHEMBL6002,Cyclin-dependent kinase 19,SINGLE PROTEIN,1,single_protein,false,false,,0.0807,,0.0807,D,1,0.05-<0.10,true,prediction_only,Homo sapiens,9606,Bilobalide,73581,PASS Targets,PASS Targets web; ChEMBL v36; February 2026 update,2026-07-14,Pa_minus_Pi_not_probability,not_available,https://way2drug.com/passtargets/
40,PRKCA,P17252,CHEMBL299,Protein kinase C alpha type,SINGLE PROTEIN,1,single_protein,false,false,,0.0798,0.0328,0.0798,D+I,2,0.05-<0.10,true,prediction_only,Homo sapiens,9606,Bilobalide,73581,PASS Targets,PASS Targets web; ChEMBL v36; February 2026 update,2026-07-14,Pa_minus_Pi_not_probability,not_available,https://way2drug.com/passtargets/
41,PKM,P14618,CHEMBL1075189,Pyruvate kinase PKM,SINGLE PROTEIN,1,single_protein,false,false,,0.0789,0.0211,0.0789,D+I,2,0.05-<0.10,true,prediction_only,Homo sapiens,9606,Bilobalide,73581,PASS Targets,PASS Targets web; ChEMBL v36; February 2026 update,2026-07-14,Pa_minus_Pi_not_probability,not_available,https://way2drug.com/passtargets/
42,IL2,P60568,CHEMBL5880,Interleukin-2,SINGLE PROTEIN,1,single_protein,false,false,,0.0778,,0.0778,D,1,0.05-<0.10,true,prediction_only,Homo sapiens,9606,Bilobalide,73581,PASS Targets,PASS Targets web; ChEMBL v36; February 2026 update,2026-07-14,Pa_minus_Pi_not_probability,not_available,https://way2drug.com/passtargets/
43,PNLIP,P16233,CHEMBL1812,Pancreatic triacylglycerol lipase,SINGLE PROTEIN,1,single_protein,false,false,,0.076,,0.076,D,1,0.05-<0.10,true,prediction_only,Homo sapiens,9606,Bilobalide,73581,PASS Targets,PASS Targets web; ChEMBL v36; February 2026 update,2026-07-14,Pa_minus_Pi_not_probability,not_available,https://way2drug.com/passtargets/
44,MYLK,Q15746,CHEMBL2428,"Myosin light chain kinase, smooth muscle",SINGLE PROTEIN,1,single_protein,false,false,,0.0759,,0.0759,D,1,0.05-<0.10,true,prediction_only,Homo sapiens,9606,Bilobalide,73581,PASS Targets,PASS Targets web; ChEMBL v36; February 2026 update,2026-07-14,Pa_minus_Pi_not_probability,not_available,https://way2drug.com/passtargets/
45,PPIA,P62937,CHEMBL1949,Peptidyl-prolyl cis-trans isomerase A,SINGLE PROTEIN,1,single_protein,false,false,,,0.0709,0.0709,I,1,0.05-<0.10,true,prediction_only,Homo sapiens,9606,Bilobalide,73581,PASS Targets,PASS Targets web; ChEMBL v36; February 2026 update,2026-07-14,Pa_minus_Pi_not_probability,not_available,https://way2drug.com/passtargets/
46,PRKAA2,P54646,CHEMBL3038455,AMPK alpha2/beta1/gamma1,PROTEIN COMPLEX,1,protein_complex_component,true,false,,,0.0687,0.0687,I,1,0.05-<0.10,true,prediction_only,Homo sapiens,9606,Bilobalide,73581,PASS Targets,PASS Targets web; ChEMBL v36; February 2026 update,2026-07-14,Pa_minus_Pi_not_probability,not_available,https://way2drug.com/passtargets/
47,PRKAB1,Q9Y478,CHEMBL3038455,AMPK alpha2/beta1/gamma1,PROTEIN COMPLEX,1,protein_complex_component,true,false,,,0.0687,0.0687,I,1,0.05-<0.10,true,prediction_only,Homo sapiens,9606,Bilobalide,73581,PASS Targets,PASS Targets web; ChEMBL v36; February 2026 update,2026-07-14,Pa_minus_Pi_not_probability,not_available,https://way2drug.com/passtargets/
48,PRKAG1,P54619,CHEMBL3038455,AMPK alpha2/beta1/gamma1,PROTEIN COMPLEX,1,protein_complex_component,true,false,,,0.0687,0.0687,I,1,0.05-<0.10,true,prediction_only,Homo sapiens,9606,Bilobalide,73581,PASS Targets,PASS Targets web; ChEMBL v36; February 2026 update,2026-07-14,Pa_minus_Pi_not_probability,not_available,https://way2drug.com/passtargets/
49,BCL2A1,Q16548,CHEMBL6044,Bcl-2-related protein A1,SINGLE PROTEIN,1,single_protein,false,false,,0.0682,,0.0682,D,1,0.05-<0.10,true,prediction_only,Homo sapiens,9606,Bilobalide,73581,PASS Targets,PASS Targets web; ChEMBL v36; February 2026 update,2026-07-14,Pa_minus_Pi_not_probability,not_available,https://way2drug.com/passtargets/
50,SF3B3,Q15393,CHEMBL1250378,Splicing factor 3B subunit 3,SINGLE PROTEIN,1,single_protein,false,false,,,0.0661,0.0661,I,1,0.05-<0.10,true,prediction_only,Homo sapiens,9606,Bilobalide,73581,PASS Targets,PASS Targets web; ChEMBL v36; February 2026 update,2026-07-14,Pa_minus_Pi_not_probability,not_available,https://way2drug.com/passtargets/
51,PRKCE,Q02156,CHEMBL3582,Protein kinase C epsilon type,SINGLE PROTEIN,1,single_protein,false,false,,0.0631,0.0372,0.0631,D+I,2,0.05-<0.10,true,prediction_only,Homo sapiens,9606,Bilobalide,73581,PASS Targets,PASS Targets web; ChEMBL v36; February 2026 update,2026-07-14,Pa_minus_Pi_not_probability,not_available,https://way2drug.com/passtargets/
52,SIRT6,Q8N6T7,CHEMBL2163182,NAD-dependent protein deacylase sirtuin-6,SINGLE PROTEIN,1,single_protein,false,false,,0.063,,0.063,D,1,0.05-<0.10,true,prediction_only,Homo sapiens,9606,Bilobalide,73581,PASS Targets,PASS Targets web; ChEMBL v36; February 2026 update,2026-07-14,Pa_minus_Pi_not_probability,not_available,https://way2drug.com/passtargets/
53,BACE1,P56817,CHEMBL4822,Beta-secretase 1,SINGLE PROTEIN,1,single_protein,false,false,,0.0612,,0.0612,D,1,0.05-<0.10,true,prediction_only,Homo sapiens,9606,Bilobalide,73581,PASS Targets,PASS Targets web; ChEMBL v36; February 2026 update,2026-07-14,Pa_minus_Pi_not_probability,not_available,https://way2drug.com/passtargets/
54,CXCR1,P25024,CHEMBL4029,C-X-C chemokine receptor type 1,SINGLE PROTEIN,1,single_protein,false,false,,0.0573,,0.0573,D,1,0.05-<0.10,true,prediction_only,Homo sapiens,9606,Bilobalide,73581,PASS Targets,PASS Targets web; ChEMBL v36; February 2026 update,2026-07-14,Pa_minus_Pi_not_probability,not_available,https://way2drug.com/passtargets/
55,AR,P10275,CHEMBL1871,Androgen receptor,SINGLE PROTEIN,1,single_protein,false,false,,0.0571,,0.0571,D,1,0.05-<0.10,true,prediction_only,Homo sapiens,9606,Bilobalide,73581,PASS Targets,PASS Targets web; ChEMBL v36; February 2026 update,2026-07-14,Pa_minus_Pi_not_probability,not_available,https://way2drug.com/passtargets/
56,ACHE,P22303,CHEMBL220,Acetylcholinesterase,SINGLE PROTEIN,1,single_protein,false,false,,0.0566,,0.0566,D,1,0.05-<0.10,true,prediction_only,Homo sapiens,9606,Bilobalide,73581,PASS Targets,PASS Targets web; ChEMBL v36; February 2026 update,2026-07-14,Pa_minus_Pi_not_probability,not_available,https://way2drug.com/passtargets/
57,CISD1,Q9NZ45,CHEMBL1795168,CDGSH iron-sulfur domain-containing protein 1,SINGLE PROTEIN,1,single_protein,false,false,,0.0533,,0.0533,D,1,0.05-<0.10,true,prediction_only,Homo sapiens,9606,Bilobalide,73581,PASS Targets,PASS Targets web; ChEMBL v36; February 2026 update,2026-07-14,Pa_minus_Pi_not_probability,not_available,https://way2drug.com/passtargets/
58,SLC22A12,Q96S37,CHEMBL6120,Solute carrier family 22 member 12,SINGLE PROTEIN,1,single_protein,false,false,,0.0516,,0.0516,D,1,0.05-<0.10,true,prediction_only,Homo sapiens,9606,Bilobalide,73581,PASS Targets,PASS Targets web; ChEMBL v36; February 2026 update,2026-07-14,Pa_minus_Pi_not_probability,not_available,https://way2drug.com/passtargets/
59,RORC,P51449,CHEMBL1741186,Nuclear receptor ROR-gamma,SINGLE PROTEIN,1,single_protein,false,false,,,0.0511,0.0511,I,1,0.05-<0.10,true,prediction_only,Homo sapiens,9606,Bilobalide,73581,PASS Targets,PASS Targets web; ChEMBL v36; February 2026 update,2026-07-14,Pa_minus_Pi_not_probability,not_available,https://way2drug.com/passtargets/
60,ABCC9,O60706,CHEMBL2095198,"Sulfonylurea receptor 2, Kir6.2",PROTEIN COMPLEX,1,protein_complex_component,true,false,,,0.0488,0.0488,I,1,0.01-<0.05,true,prediction_only,Homo sapiens,9606,Bilobalide,73581,PASS Targets,PASS Targets web; ChEMBL v36; February 2026 update,2026-07-14,Pa_minus_Pi_not_probability,not_available,https://way2drug.com/passtargets/
61,KCNJ11,Q14654,CHEMBL2095198,"Sulfonylurea receptor 2, Kir6.2",PROTEIN COMPLEX,1,protein_complex_component,true,false,,,0.0488,0.0488,I,1,0.01-<0.05,true,prediction_only,Homo sapiens,9606,Bilobalide,73581,PASS Targets,PASS Targets web; ChEMBL v36; February 2026 update,2026-07-14,Pa_minus_Pi_not_probability,not_available,https://way2drug.com/passtargets/
62,POLB,P06746,CHEMBL2392,DNA polymerase beta,SINGLE PROTEIN,1,single_protein,false,false,,0.0458,,0.0458,D,1,0.01-<0.05,true,prediction_only,Homo sapiens,9606,Bilobalide,73581,PASS Targets,PASS Targets web; ChEMBL v36; February 2026 update,2026-07-14,Pa_minus_Pi_not_probability,not_available,https://way2drug.com/passtargets/
63,ACACA,Q13085,CHEMBL3351,Acetyl-CoA carboxylase 1,SINGLE PROTEIN,1,single_protein,false,false,,0.045,,0.045,D,1,0.01-<0.05,true,prediction_only,Homo sapiens,9606,Bilobalide,73581,PASS Targets,PASS Targets web; ChEMBL v36; February 2026 update,2026-07-14,Pa_minus_Pi_not_probability,not_available,https://way2drug.com/passtargets/
64,ACACB,O00763,CHEMBL4829,Acetyl-CoA carboxylase 2,SINGLE PROTEIN,1,single_protein,false,false,,0.0433,,0.0433,D,1,0.01-<0.05,true,prediction_only,Homo sapiens,9606,Bilobalide,73581,PASS Targets,PASS Targets web; ChEMBL v36; February 2026 update,2026-07-14,Pa_minus_Pi_not_probability,not_available,https://way2drug.com/passtargets/
65,PTGIR,P43119,CHEMBL1995,Prostacyclin receptor,SINGLE PROTEIN,1,single_protein,false,false,,0.0377,,0.0377,D,1,0.01-<0.05,true,prediction_only,Homo sapiens,9606,Bilobalide,73581,PASS Targets,PASS Targets web; ChEMBL v36; February 2026 update,2026-07-14,Pa_minus_Pi_not_probability,not_available,https://way2drug.com/passtargets/
66,GAA,P10253,CHEMBL2608,Lysosomal alpha-glucosidase,SINGLE PROTEIN,1,single_protein,false,false,,0.0376,,0.0376,D,1,0.01-<0.05,true,prediction_only,Homo sapiens,9606,Bilobalide,73581,PASS Targets,PASS Targets web; ChEMBL v36; February 2026 update,2026-07-14,Pa_minus_Pi_not_probability,not_available,https://way2drug.com/passtargets/
67,STING1,Q86WV6,CHEMBL4523377,Stimulator of interferon genes protein,SINGLE PROTEIN,1,single_protein,false,false,UNDEFINED MUTATION,0.0369,0.0031,0.0369,D+I,2,0.01-<0.05,true,prediction_only,Homo sapiens,9606,Bilobalide,73581,PASS Targets,PASS Targets web; ChEMBL v36; February 2026 update,2026-07-14,Pa_minus_Pi_not_probability,not_available,https://way2drug.com/passtargets/
68,EIF4A1,P60842,CHEMBL2052028,Eukaryotic initiation factor 4A-I,SINGLE PROTEIN,1,single_protein,false,false,,,0.0365,0.0365,I,1,0.01-<0.05,true,prediction_only,Homo sapiens,9606,Bilobalide,73581,PASS Targets,PASS Targets web; ChEMBL v36; February 2026 update,2026-07-14,Pa_minus_Pi_not_probability,not_available,https://way2drug.com/passtargets/
69,HMGCR,P04035,CHEMBL402,3-hydroxy-3-methylglutaryl-coenzyme A reductase,SINGLE PROTEIN,1,single_protein,false,false,,0.0365,,0.0365,D,1,0.01-<0.05,true,prediction_only,Homo sapiens,9606,Bilobalide,73581,PASS Targets,PASS Targets web; ChEMBL v36; February 2026 update,2026-07-14,Pa_minus_Pi_not_probability,not_available,https://way2drug.com/passtargets/
70,HSP90AA1,P07900,CHEMBL3880,Heat shock protein HSP 90-alpha,SINGLE PROTEIN,1,single_protein,false,false,,0.0359,,0.0359,D,1,0.01-<0.05,true,prediction_only,Homo sapiens,9606,Bilobalide,73581,PASS Targets,PASS Targets web; ChEMBL v36; February 2026 update,2026-07-14,Pa_minus_Pi_not_probability,not_available,https://way2drug.com/passtargets/
71,NR2C2,P49116,CHEMBL3885612,Nuclear receptor subfamily 2 group C member 2/TGF-beta-activated kinase 1 and MAP3K7-binding protein 1,CHIMERIC PROTEIN,1,chimeric_protein_component,false,true,,,0.0333,0.0333,I,1,0.01-<0.05,true,prediction_only,Homo sapiens,9606,Bilobalide,73581,PASS Targets,PASS Targets web; ChEMBL v36; February 2026 update,2026-07-14,Pa_minus_Pi_not_probability,not_available,https://way2drug.com/passtargets/
72,TAB1,Q15750,CHEMBL3885612,Nuclear receptor subfamily 2 group C member 2/TGF-beta-activated kinase 1 and MAP3K7-binding protein 1,CHIMERIC PROTEIN,1,chimeric_protein_component,false,true,,,0.0333,0.0333,I,1,0.01-<0.05,true,prediction_only,Homo sapiens,9606,Bilobalide,73581,PASS Targets,PASS Targets web; ChEMBL v36; February 2026 update,2026-07-14,Pa_minus_Pi_not_probability,not_available,https://way2drug.com/passtargets/
73,CASP1,P29466,CHEMBL4801,Caspase-1,SINGLE PROTEIN,1,single_protein,false,false,,,0.0329,0.0329,I,1,0.01-<0.05,true,prediction_only,Homo sapiens,9606,Bilobalide,73581,PASS Targets,PASS Targets web; ChEMBL v36; February 2026 update,2026-07-14,Pa_minus_Pi_not_probability,not_available,https://way2drug.com/passtargets/
74,SCN1A,P35498,CHEMBL1845,Sodium channel protein type 1 subunit alpha,SINGLE PROTEIN,1,single_protein,false,false,,,0.0318,0.0318,I,1,0.01-<0.05,true,prediction_only,Homo sapiens,9606,Bilobalide,73581,PASS Targets,PASS Targets web; ChEMBL v36; February 2026 update,2026-07-14,Pa_minus_Pi_not_probability,not_available,https://way2drug.com/passtargets/
75,COMT,P21964,CHEMBL2023,Catechol O-methyltransferase,SINGLE PROTEIN,1,single_protein,false,false,,0.0314,,0.0314,D,1,0.01-<0.05,true,prediction_only,Homo sapiens,9606,Bilobalide,73581,PASS Targets,PASS Targets web; ChEMBL v36; February 2026 update,2026-07-14,Pa_minus_Pi_not_probability,not_available,https://way2drug.com/passtargets/
76,DNMT3B,Q9UBC3,CHEMBL6095,DNA (cytosine-5)-methyltransferase 3B,SINGLE PROTEIN,1,single_protein,false,false,,,0.0277,0.0277,I,1,0.01-<0.05,true,prediction_only,Homo sapiens,9606,Bilobalide,73581,PASS Targets,PASS Targets web; ChEMBL v36; February 2026 update,2026-07-14,Pa_minus_Pi_not_probability,not_available,https://way2drug.com/passtargets/
77,EDNRB,P24530,CHEMBL1785,Endothelin receptor type B,SINGLE PROTEIN,1,single_protein,false,false,,0.0277,,0.0277,D,1,0.01-<0.05,true,prediction_only,Homo sapiens,9606,Bilobalide,73581,PASS Targets,PASS Targets web; ChEMBL v36; February 2026 update,2026-07-14,Pa_minus_Pi_not_probability,not_available,https://way2drug.com/passtargets/
78,SLC16A1,P53985,CHEMBL4360,Monocarboxylate transporter 1,SINGLE PROTEIN,1,single_protein,false,false,,0.0258,,0.0258,D,1,0.01-<0.05,true,prediction_only,Homo sapiens,9606,Bilobalide,73581,PASS Targets,PASS Targets web; ChEMBL v36; February 2026 update,2026-07-14,Pa_minus_Pi_not_probability,not_available,https://way2drug.com/passtargets/
79,NR3C1,P04150,CHEMBL2034,Glucocorticoid receptor,SINGLE PROTEIN,1,single_protein,false,false,,0.0123,0.0244,0.0244,D+I,2,0.01-<0.05,true,prediction_only,Homo sapiens,9606,Bilobalide,73581,PASS Targets,PASS Targets web; ChEMBL v36; February 2026 update,2026-07-14,Pa_minus_Pi_not_probability,not_available,https://way2drug.com/passtargets/
80,TYR,P14679,CHEMBL1973,Tyrosinase,SINGLE PROTEIN,1,single_protein,false,false,,0.0244,,0.0244,D,1,0.01-<0.05,true,prediction_only,Homo sapiens,9606,Bilobalide,73581,PASS Targets,PASS Targets web; ChEMBL v36; February 2026 update,2026-07-14,Pa_minus_Pi_not_probability,not_available,https://way2drug.com/passtargets/
81,MAP2K4,P45985,CHEMBL2897,Dual specificity mitogen-activated protein kinase kinase 4,SINGLE PROTEIN,1,single_protein,false,false,,0.0226,,0.0226,D,1,0.01-<0.05,true,prediction_only,Homo sapiens,9606,Bilobalide,73581,PASS Targets,PASS Targets web; ChEMBL v36; February 2026 update,2026-07-14,Pa_minus_Pi_not_probability,not_available,https://way2drug.com/passtargets/
82,PEPD,P12955,CHEMBL4185,Xaa-Pro dipeptidase,SINGLE PROTEIN,1,single_protein,false,false,,0.0223,,0.0223,D,1,0.01-<0.05,true,prediction_only,Homo sapiens,9606,Bilobalide,73581,PASS Targets,PASS Targets web; ChEMBL v36; February 2026 update,2026-07-14,Pa_minus_Pi_not_probability,not_available,https://way2drug.com/passtargets/
83,SLC5A2,P31639,CHEMBL3884,Sodium/glucose cotransporter 2,SINGLE PROTEIN,1,single_protein,false,false,,0.021,,0.021,D,1,0.01-<0.05,true,prediction_only,Homo sapiens,9606,Bilobalide,73581,PASS Targets,PASS Targets web; ChEMBL v36; February 2026 update,2026-07-14,Pa_minus_Pi_not_probability,not_available,https://way2drug.com/passtargets/
84,SHBG,P04278,CHEMBL3305,Sex hormone-binding globulin,SINGLE PROTEIN,1,single_protein,false,false,,0.0207,,0.0207,D,1,0.01-<0.05,true,prediction_only,Homo sapiens,9606,Bilobalide,73581,PASS Targets,PASS Targets web; ChEMBL v36; February 2026 update,2026-07-14,Pa_minus_Pi_not_probability,not_available,https://way2drug.com/passtargets/
85,ADK,P55263,CHEMBL3589,Adenosine kinase,SINGLE PROTEIN,1,single_protein,false,false,,,0.0193,0.0193,I,1,0.01-<0.05,true,prediction_only,Homo sapiens,9606,Bilobalide,73581,PASS Targets,PASS Targets web; ChEMBL v36; February 2026 update,2026-07-14,Pa_minus_Pi_not_probability,not_available,https://way2drug.com/passtargets/
86,SMARCA2,P51531,CHEMBL2362979,SWI/SNF-related matrix-associated actin-dependent regulator of chromatin subfamily A member 2,SINGLE PROTEIN,1,single_protein,false,false,,0.0192,,0.0192,D,1,0.01-<0.05,true,prediction_only,Homo sapiens,9606,Bilobalide,73581,PASS Targets,PASS Targets web; ChEMBL v36; February 2026 update,2026-07-14,Pa_minus_Pi_not_probability,not_available,https://way2drug.com/passtargets/
87,PGR,P06401,CHEMBL208,Progesterone receptor,SINGLE PROTEIN,1,single_protein,false,false,,0.0184,,0.0184,D,1,0.01-<0.05,true,prediction_only,Homo sapiens,9606,Bilobalide,73581,PASS Targets,PASS Targets web; ChEMBL v36; February 2026 update,2026-07-14,Pa_minus_Pi_not_probability,not_available,https://way2drug.com/passtargets/
88,SOAT2,O75908,CHEMBL4465,Sterol O-acyltransferase 2,SINGLE PROTEIN,1,single_protein,false,false,,0.0009,0.0184,0.0184,D+I,2,0.01-<0.05,true,prediction_only,Homo sapiens,9606,Bilobalide,73581,PASS Targets,PASS Targets web; ChEMBL v36; February 2026 update,2026-07-14,Pa_minus_Pi_not_probability,not_available,https://way2drug.com/passtargets/
89,AMY1A,P0DUB6,CHEMBL2478,Alpha-amylase 1A,SINGLE PROTEIN,1,single_protein,false,false,,0.0183,,0.0183,D,1,0.01-<0.05,true,prediction_only,Homo sapiens,9606,Bilobalide,73581,PASS Targets,PASS Targets web; ChEMBL v36; February 2026 update,2026-07-14,Pa_minus_Pi_not_probability,not_available,https://way2drug.com/passtargets/
90,KCNA3,P22001,CHEMBL4633,Potassium voltage-gated channel subfamily A member 3,SINGLE PROTEIN,1,single_protein,false,false,,,0.0169,0.0169,I,1,0.01-<0.05,true,prediction_only,Homo sapiens,9606,Bilobalide,73581,PASS Targets,PASS Targets web; ChEMBL v36; February 2026 update,2026-07-14,Pa_minus_Pi_not_probability,not_available,https://way2drug.com/passtargets/
91,INPPL1,O15357,CHEMBL2331064,"Phosphatidylinositol 3,4,5-trisphosphate 5-phosphatase 2",SINGLE PROTEIN,1,single_protein,false,false,,0.0153,,0.0153,D,1,0.01-<0.05,true,prediction_only,Homo sapiens,9606,Bilobalide,73581,PASS Targets,PASS Targets web; ChEMBL v36; February 2026 update,2026-07-14,Pa_minus_Pi_not_probability,not_available,https://way2drug.com/passtargets/
92,NFE2L2,Q16236,CHEMBL1075094,Nuclear factor erythroid 2-related factor 2,SINGLE PROTEIN,1,single_protein,false,false,,,0.0137,0.0137,I,1,0.01-<0.05,true,prediction_only,Homo sapiens,9606,Bilobalide,73581,PASS Targets,PASS Targets web; ChEMBL v36; February 2026 update,2026-07-14,Pa_minus_Pi_not_probability,not_available,https://way2drug.com/passtargets/
93,OPRD1,P41143,CHEMBL236,Delta-type opioid receptor,SINGLE PROTEIN,1,single_protein,false,false,,,0.0135,0.0135,I,1,0.01-<0.05,true,prediction_only,Homo sapiens,9606,Bilobalide,73581,PASS Targets,PASS Targets web; ChEMBL v36; February 2026 update,2026-07-14,Pa_minus_Pi_not_probability,not_available,https://way2drug.com/passtargets/
94,LGALS8,O00214,CHEMBL5475,Galectin-8,SINGLE PROTEIN,1,single_protein,false,false,,0.0119,,0.0119,D,1,0.01-<0.05,true,prediction_only,Homo sapiens,9606,Bilobalide,73581,PASS Targets,PASS Targets web; ChEMBL v36; February 2026 update,2026-07-14,Pa_minus_Pi_not_probability,not_available,https://way2drug.com/passtargets/
95,VDR,P11473,CHEMBL1977,Vitamin D3 receptor,SINGLE PROTEIN,1,single_protein,false,false,,0.0061,0.004,0.0061,D+I,2,>0-<0.01,true,prediction_only,Homo sapiens,9606,Bilobalide,73581,PASS Targets,PASS Targets web; ChEMBL v36; February 2026 update,2026-07-14,Pa_minus_Pi_not_probability,not_available,https://way2drug.com/passtargets/
96,PSMB1,P20618,CHEMBL4208,Proteasome component C5,SINGLE PROTEIN,1,single_protein,false,false,,0.0045,,0.0045,D,1,>0-<0.01,true,prediction_only,Homo sapiens,9606,Bilobalide,73581,PASS Targets,PASS Targets web; ChEMBL v36; February 2026 update,2026-07-14,Pa_minus_Pi_not_probability,not_available,https://way2drug.com/passtargets/
97,ME2,P23368,CHEMBL5291602,"NAD-dependent malic enzyme, mitochondrial",SINGLE PROTEIN,1,single_protein,false,false,,0.0031,,0.0031,D,1,>0-<0.01,true,prediction_only,Homo sapiens,9606,Bilobalide,73581,PASS Targets,PASS Targets web; ChEMBL v36; February 2026 update,2026-07-14,Pa_minus_Pi_not_probability,not_available,https://way2drug.com/passtargets/
98,FDPS,P14324,CHEMBL1782,Farnesyl pyrophosphate synthase,SINGLE PROTEIN,1,single_protein,false,false,,,0.0023,0.0023,I,1,>0-<0.01,true,prediction_only,Homo sapiens,9606,Bilobalide,73581,PASS Targets,PASS Targets web; ChEMBL v36; February 2026 update,2026-07-14,Pa_minus_Pi_not_probability,not_available,https://way2drug.com/passtargets/
