Query_Compound,PubChem_CID,Source_Database,Source_Version,Retrieval_Date,Source_Row_ID,Target_Name_Original,ChEMBL_ID_Raw,ChEMBL_Target_ID_Normalized,Mutation_Context,Activity_Score,Propensity_Score_Raw,Propensity_Score_Clean,Propensity_Status,Interaction_Type,Interaction_Type_Interpretation,ChEMBL_Pref_Name,ChEMBL_Target_Type,Organism,Tax_ID,Gene_Symbols,UniProt_Accessions,Component_Count,Component_Relationship,Prediction_Included,Evidence_Type,Activity_Score_Interpretation,Pharmacologic_Direction,Mapping_Status,Source_URL
Bilobalide,73581,PASS Targets,PASS Targets web; ChEMBL v36; February 2026 update,2026-07-14,1,"Glutathione reductase, mitochondrial",CHEMBL2755,CHEMBL2755,,0.5345,0.077,0.077,Positive_propensity_returned,D,simple_assay_model_prediction,"Glutathione reductase, mitochondrial",SINGLE PROTEIN,Homo sapiens,9606,GSR,P00390,1,single_protein,true,prediction_only,Pa_minus_Pi_not_probability,not_available,mapped_human_target,https://way2drug.com/passtargets/
Bilobalide,73581,PASS Targets,PASS Targets web; ChEMBL v36; February 2026 update,2026-07-14,2,Solute carrier family 22 member 2,CHEMBL1743122,CHEMBL1743122,,0.5242,0.3046,0.3046,Positive_propensity_returned,I,complex_assay_model_prediction,Solute carrier family 22 member 2,SINGLE PROTEIN,Homo sapiens,9606,SLC22A2,O15244,1,single_protein,true,prediction_only,Pa_minus_Pi_not_probability,not_available,mapped_human_target,https://way2drug.com/passtargets/
Bilobalide,73581,PASS Targets,PASS Targets web; ChEMBL v36; February 2026 update,2026-07-14,3,D(1A) dopamine receptor,CHEMBL2056,CHEMBL2056,,0.483,-1,,No_positive_propensity_returned,D,simple_assay_model_prediction,D(1A) dopamine receptor,SINGLE PROTEIN,Homo sapiens,9606,DRD1,P21728,1,single_protein,true,prediction_only,Pa_minus_Pi_not_probability,not_available,mapped_human_target,https://way2drug.com/passtargets/
Bilobalide,73581,PASS Targets,PASS Targets web; ChEMBL v36; February 2026 update,2026-07-14,4,NAD-dependent protein deacetylase sirtuin-1,CHEMBL4506,CHEMBL4506,,0.4695,0.4754,0.4754,Positive_propensity_returned,I,complex_assay_model_prediction,NAD-dependent protein deacetylase sirtuin-1,SINGLE PROTEIN,Homo sapiens,9606,SIRT1,Q96EB6,1,single_protein,true,prediction_only,Pa_minus_Pi_not_probability,not_available,mapped_human_target,https://way2drug.com/passtargets/
Bilobalide,73581,PASS Targets,PASS Targets web; ChEMBL v36; February 2026 update,2026-07-14,5,Glycine receptor subunit alpha-1,CHEMBL5845,CHEMBL5845,,0.3681,0.3463,0.3463,Positive_propensity_returned,I,complex_assay_model_prediction,Glycine receptor subunit alpha-1,SINGLE PROTEIN,Homo sapiens,9606,GLRA1,P23415,1,single_protein,true,prediction_only,Pa_minus_Pi_not_probability,not_available,mapped_human_target,https://way2drug.com/passtargets/
Bilobalide,73581,PASS Targets,PASS Targets web; ChEMBL v36; February 2026 update,2026-07-14,6,cAMP-dependent protein kinase catalytic subunit alpha,CHEMBL4101,CHEMBL4101,,0.3238,-1,,No_positive_propensity_returned,D,simple_assay_model_prediction,cAMP-dependent protein kinase catalytic subunit alpha,SINGLE PROTEIN,Homo sapiens,9606,PRKACA,P17612,1,single_protein,true,prediction_only,Pa_minus_Pi_not_probability,not_available,mapped_human_target,https://way2drug.com/passtargets/
Bilobalide,73581,PASS Targets,PASS Targets web; ChEMBL v36; February 2026 update,2026-07-14,7,Cathepsin L2,CHEMBL3272,CHEMBL3272,,0.3152,-1,,No_positive_propensity_returned,D,simple_assay_model_prediction,Cathepsin L2,SINGLE PROTEIN,Homo sapiens,9606,CTSV,O60911,1,single_protein,true,prediction_only,Pa_minus_Pi_not_probability,not_available,mapped_human_target,https://way2drug.com/passtargets/
Bilobalide,73581,PASS Targets,PASS Targets web; ChEMBL v36; February 2026 update,2026-07-14,8,Bile salt export pump,CHEMBL6020,CHEMBL6020,,0.2922,0.32,0.32,Positive_propensity_returned,I,complex_assay_model_prediction,Bile salt export pump,SINGLE PROTEIN,Homo sapiens,9606,ABCB11,O95342,1,single_protein,true,prediction_only,Pa_minus_Pi_not_probability,not_available,mapped_human_target,https://way2drug.com/passtargets/
Bilobalide,73581,PASS Targets,PASS Targets web; ChEMBL v36; February 2026 update,2026-07-14,9,Sentrin-specific protease 1,CHEMBL1909484,CHEMBL1909484,,0.2798,-1,,No_positive_propensity_returned,D,simple_assay_model_prediction,Sentrin-specific protease 1,SINGLE PROTEIN,Homo sapiens,9606,SENP1,Q9P0U3,1,single_protein,true,prediction_only,Pa_minus_Pi_not_probability,not_available,mapped_human_target,https://way2drug.com/passtargets/
Bilobalide,73581,PASS Targets,PASS Targets web; ChEMBL v36; February 2026 update,2026-07-14,10,DNA topoisomerase 2-alpha,CHEMBL1806,CHEMBL1806,,0.2638,-1,,No_positive_propensity_returned,I,complex_assay_model_prediction,DNA topoisomerase 2-alpha,SINGLE PROTEIN,Homo sapiens,9606,TOP2A,P11388,1,single_protein,true,prediction_only,Pa_minus_Pi_not_probability,not_available,mapped_human_target,https://way2drug.com/passtargets/
Bilobalide,73581,PASS Targets,PASS Targets web; ChEMBL v36; February 2026 update,2026-07-14,11,Receptor-type tyrosine-protein phosphatase C,CHEMBL3243,CHEMBL3243,,0.2558,-1,,No_positive_propensity_returned,D,simple_assay_model_prediction,Receptor-type tyrosine-protein phosphatase C,SINGLE PROTEIN,Homo sapiens,9606,PTPRC,P08575,1,single_protein,true,prediction_only,Pa_minus_Pi_not_probability,not_available,mapped_human_target,https://way2drug.com/passtargets/
Bilobalide,73581,PASS Targets,PASS Targets web; ChEMBL v36; February 2026 update,2026-07-14,12,DNA topoisomerase 1,CHEMBL1781,CHEMBL1781,,0.2427,0.1162,0.1162,Positive_propensity_returned,D,simple_assay_model_prediction,DNA topoisomerase 1,SINGLE PROTEIN,Homo sapiens,9606,TOP1,P11387,1,single_protein,true,prediction_only,Pa_minus_Pi_not_probability,not_available,mapped_human_target,https://way2drug.com/passtargets/
Bilobalide,73581,PASS Targets,PASS Targets web; ChEMBL v36; February 2026 update,2026-07-14,13,Serine/threonine-protein phosphatase 5,CHEMBL3425389,CHEMBL3425389,,0.2341,0.2004,0.2004,Positive_propensity_returned,D,simple_assay_model_prediction,Serine/threonine-protein phosphatase 5,SINGLE PROTEIN,Homo sapiens,9606,PPP5C,P53041,1,single_protein,true,prediction_only,Pa_minus_Pi_not_probability,not_available,mapped_human_target,https://way2drug.com/passtargets/
Bilobalide,73581,PASS Targets,PASS Targets web; ChEMBL v36; February 2026 update,2026-07-14,14,Solute carrier family 22 member 1,CHEMBL5685,CHEMBL5685,,0.227,0.2288,0.2288,Positive_propensity_returned,I,complex_assay_model_prediction,Solute carrier family 22 member 1,SINGLE PROTEIN,Homo sapiens,9606,SLC22A1,O15245,1,single_protein,true,prediction_only,Pa_minus_Pi_not_probability,not_available,mapped_human_target,https://way2drug.com/passtargets/
Bilobalide,73581,PASS Targets,PASS Targets web; ChEMBL v36; February 2026 update,2026-07-14,15,Acyl-protein thioesterase 1,CHEMBL1681631,CHEMBL1681631,,0.2199,0.0697,0.0697,Positive_propensity_returned,D,simple_assay_model_prediction,Acyl-protein thioesterase 1,SINGLE PROTEIN,Homo sapiens,9606,LYPLA1,O75608,1,single_protein,true,prediction_only,Pa_minus_Pi_not_probability,not_available,mapped_human_target,https://way2drug.com/passtargets/
Bilobalide,73581,PASS Targets,PASS Targets web; ChEMBL v36; February 2026 update,2026-07-14,16,Kappa-type opioid receptor,CHEMBL237,CHEMBL237,,0.2131,0.2607,0.2607,Positive_propensity_returned,I,complex_assay_model_prediction,Kappa-type opioid receptor,SINGLE PROTEIN,Homo sapiens,9606,OPRK1,P41145,1,single_protein,true,prediction_only,Pa_minus_Pi_not_probability,not_available,mapped_human_target,https://way2drug.com/passtargets/
Bilobalide,73581,PASS Targets,PASS Targets web; ChEMBL v36; February 2026 update,2026-07-14,17,Sterol O-acyltransferase 1,CHEMBL2782,CHEMBL2782,,0.1935,0.1197,0.1197,Positive_propensity_returned,D,simple_assay_model_prediction,Sterol O-acyltransferase 1,SINGLE PROTEIN,Homo sapiens,9606,SOAT1,P35610,1,single_protein,true,prediction_only,Pa_minus_Pi_not_probability,not_available,mapped_human_target,https://way2drug.com/passtargets/
Bilobalide,73581,PASS Targets,PASS Targets web; ChEMBL v36; February 2026 update,2026-07-14,18,Carbonic anhydrase 3,CHEMBL2885,CHEMBL2885,,0.1871,-1,,No_positive_propensity_returned,D,simple_assay_model_prediction,Carbonic anhydrase 3,SINGLE PROTEIN,Homo sapiens,9606,CA3,P07451,1,single_protein,true,prediction_only,Pa_minus_Pi_not_probability,not_available,mapped_human_target,https://way2drug.com/passtargets/
Bilobalide,73581,PASS Targets,PASS Targets web; ChEMBL v36; February 2026 update,2026-07-14,19,DNA topoisomerase 2-beta,CHEMBL3396,CHEMBL3396,,0.1832,-1,,No_positive_propensity_returned,D,simple_assay_model_prediction,DNA topoisomerase 2-beta,SINGLE PROTEIN,Homo sapiens,9606,TOP2B,Q02880,1,single_protein,true,prediction_only,Pa_minus_Pi_not_probability,not_available,mapped_human_target,https://way2drug.com/passtargets/
Bilobalide,73581,PASS Targets,PASS Targets web; ChEMBL v36; February 2026 update,2026-07-14,20,Cyclic GMP-AMP synthase,CHEMBL4105728,CHEMBL4105728,,0.1679,-1,,No_positive_propensity_returned,D,simple_assay_model_prediction,Cyclic GMP-AMP synthase,SINGLE PROTEIN,Homo sapiens,9606,CGAS,Q8N884,1,single_protein,true,prediction_only,Pa_minus_Pi_not_probability,not_available,mapped_human_target,https://way2drug.com/passtargets/
Bilobalide,73581,PASS Targets,PASS Targets web; ChEMBL v36; February 2026 update,2026-07-14,21,Peptidyl-prolyl cis-trans isomerase D,CHEMBL1697657,CHEMBL1697657,,0.1674,-1,,No_positive_propensity_returned,D,simple_assay_model_prediction,Peptidyl-prolyl cis-trans isomerase D,SINGLE PROTEIN,Homo sapiens,9606,PPID,Q08752,1,single_protein,true,prediction_only,Pa_minus_Pi_not_probability,not_available,mapped_human_target,https://way2drug.com/passtargets/
Bilobalide,73581,PASS Targets,PASS Targets web; ChEMBL v36; February 2026 update,2026-07-14,22,Tumor necrosis factor,CHEMBL1825,CHEMBL1825,,0.1438,-1,,No_positive_propensity_returned,D,simple_assay_model_prediction,Tumor necrosis factor,SINGLE PROTEIN,Homo sapiens,9606,TNF,P01375,1,single_protein,true,prediction_only,Pa_minus_Pi_not_probability,not_available,mapped_human_target,https://way2drug.com/passtargets/
Bilobalide,73581,PASS Targets,PASS Targets web; ChEMBL v36; February 2026 update,2026-07-14,23,Caspase-8,CHEMBL3776,CHEMBL3776,,0.1402,0.0553,0.0553,Positive_propensity_returned,D,simple_assay_model_prediction,Caspase-8,SINGLE PROTEIN,Homo sapiens,9606,CASP8,Q14790,1,single_protein,true,prediction_only,Pa_minus_Pi_not_probability,not_available,mapped_human_target,https://way2drug.com/passtargets/
Bilobalide,73581,PASS Targets,PASS Targets web; ChEMBL v36; February 2026 update,2026-07-14,24,Multidrug and toxin extrusion protein 2,CHEMBL1743127,CHEMBL1743127,,0.1397,0.0364,0.0364,Positive_propensity_returned,I,complex_assay_model_prediction,Multidrug and toxin extrusion protein 2,SINGLE PROTEIN,Homo sapiens,9606,SLC47A2,Q86VL8,1,single_protein,true,prediction_only,Pa_minus_Pi_not_probability,not_available,mapped_human_target,https://way2drug.com/passtargets/
Bilobalide,73581,PASS Targets,PASS Targets web; ChEMBL v36; February 2026 update,2026-07-14,25,D(2) dopamine receptor,CHEMBL217,CHEMBL217,,0.134,-1,,No_positive_propensity_returned,D,simple_assay_model_prediction,D(2) dopamine receptor,SINGLE PROTEIN,Homo sapiens,9606,DRD2,P14416,1,single_protein,true,prediction_only,Pa_minus_Pi_not_probability,not_available,mapped_human_target,https://way2drug.com/passtargets/
Bilobalide,73581,PASS Targets,PASS Targets web; ChEMBL v36; February 2026 update,2026-07-14,26,Proteinase-activated receptor 1,CHEMBL3974,CHEMBL3974,,0.1169,-1,,No_positive_propensity_returned,I,complex_assay_model_prediction,Proteinase-activated receptor 1,SINGLE PROTEIN,Homo sapiens,9606,F2R,P25116,1,single_protein,true,prediction_only,Pa_minus_Pi_not_probability,not_available,mapped_human_target,https://way2drug.com/passtargets/
Bilobalide,73581,PASS Targets,PASS Targets web; ChEMBL v36; February 2026 update,2026-07-14,27,Kappa-type opioid receptor,CHEMBL237,CHEMBL237,,0.1097,0.2607,0.2607,Positive_propensity_returned,D,simple_assay_model_prediction,Kappa-type opioid receptor,SINGLE PROTEIN,Homo sapiens,9606,OPRK1,P41145,1,single_protein,true,prediction_only,Pa_minus_Pi_not_probability,not_available,mapped_human_target,https://way2drug.com/passtargets/
Bilobalide,73581,PASS Targets,PASS Targets web; ChEMBL v36; February 2026 update,2026-07-14,28,Protein kinase C delta type,CHEMBL2996,CHEMBL2996,,0.1079,0.0685,0.0685,Positive_propensity_returned,D,simple_assay_model_prediction,Protein kinase C delta type,SINGLE PROTEIN,Homo sapiens,9606,PRKCD,Q05655,1,single_protein,true,prediction_only,Pa_minus_Pi_not_probability,not_available,mapped_human_target,https://way2drug.com/passtargets/
Bilobalide,73581,PASS Targets,PASS Targets web; ChEMBL v36; February 2026 update,2026-07-14,29,Catenin beta-1,CHEMBL5866,CHEMBL5866,,0.1043,-1,,No_positive_propensity_returned,D,simple_assay_model_prediction,Catenin beta-1,SINGLE PROTEIN,Homo sapiens,9606,CTNNB1,P35222,1,single_protein,true,prediction_only,Pa_minus_Pi_not_probability,not_available,mapped_human_target,https://way2drug.com/passtargets/
Bilobalide,73581,PASS Targets,PASS Targets web; ChEMBL v36; February 2026 update,2026-07-14,30,Thromboxane-A synthase,CHEMBL1835,CHEMBL1835,,0.1032,-1,,No_positive_propensity_returned,D,simple_assay_model_prediction,Thromboxane-A synthase,SINGLE PROTEIN,Homo sapiens,9606,TBXAS1,P24557,1,single_protein,true,prediction_only,Pa_minus_Pi_not_probability,not_available,mapped_human_target,https://way2drug.com/passtargets/
Bilobalide,73581,PASS Targets,PASS Targets web; ChEMBL v36; February 2026 update,2026-07-14,31,Transcription factor p65,CHEMBL5533,CHEMBL5533,,0.0966,-1,,No_positive_propensity_returned,I,complex_assay_model_prediction,Transcription factor p65,SINGLE PROTEIN,Homo sapiens,9606,RELA,Q04206,1,single_protein,true,prediction_only,Pa_minus_Pi_not_probability,not_available,mapped_human_target,https://way2drug.com/passtargets/
Bilobalide,73581,PASS Targets,PASS Targets web; ChEMBL v36; February 2026 update,2026-07-14,32,5'-nucleotidase,CHEMBL5957,CHEMBL5957,,0.0897,-1,,No_positive_propensity_returned,D,simple_assay_model_prediction,5'-nucleotidase,SINGLE PROTEIN,Homo sapiens,9606,NT5E,P21589,1,single_protein,true,prediction_only,Pa_minus_Pi_not_probability,not_available,mapped_human_target,https://way2drug.com/passtargets/
Bilobalide,73581,PASS Targets,PASS Targets web; ChEMBL v36; February 2026 update,2026-07-14,33,DNA (cytosine-5)-methyltransferase 1,CHEMBL1993,CHEMBL1993,,0.0879,-1,,No_positive_propensity_returned,I,complex_assay_model_prediction,DNA (cytosine-5)-methyltransferase 1,SINGLE PROTEIN,Homo sapiens,9606,DNMT1,P26358,1,single_protein,true,prediction_only,Pa_minus_Pi_not_probability,not_available,mapped_human_target,https://way2drug.com/passtargets/
Bilobalide,73581,PASS Targets,PASS Targets web; ChEMBL v36; February 2026 update,2026-07-14,34,G-protein coupled bile acid receptor 1,CHEMBL5409,CHEMBL5409,,0.0863,-1,,No_positive_propensity_returned,D,simple_assay_model_prediction,G-protein coupled bile acid receptor 1,SINGLE PROTEIN,Homo sapiens,9606,GPBAR1,Q8TDU6,1,single_protein,true,prediction_only,Pa_minus_Pi_not_probability,not_available,mapped_human_target,https://way2drug.com/passtargets/
Bilobalide,73581,PASS Targets,PASS Targets web; ChEMBL v36; February 2026 update,2026-07-14,35,Serine/threonine-protein kinase 25,CHEMBL5552,CHEMBL5552,,0.0854,-1,,No_positive_propensity_returned,D,simple_assay_model_prediction,Serine/threonine-protein kinase 25,SINGLE PROTEIN,Homo sapiens,9606,STK25,O00506,1,single_protein,true,prediction_only,Pa_minus_Pi_not_probability,not_available,mapped_human_target,https://way2drug.com/passtargets/
Bilobalide,73581,PASS Targets,PASS Targets web; ChEMBL v36; February 2026 update,2026-07-14,36,Protein kinase C gamma type,CHEMBL2938,CHEMBL2938,,0.085,-1,,No_positive_propensity_returned,D,simple_assay_model_prediction,Protein kinase C gamma type,SINGLE PROTEIN,Homo sapiens,9606,PRKCG,P05129,1,single_protein,true,prediction_only,Pa_minus_Pi_not_probability,not_available,mapped_human_target,https://way2drug.com/passtargets/
Bilobalide,73581,PASS Targets,PASS Targets web; ChEMBL v36; February 2026 update,2026-07-14,37,Bis(5'-adenosyl)-triphosphatase,CHEMBL1795151,CHEMBL1795151,,0.0849,-1,,No_positive_propensity_returned,D,simple_assay_model_prediction,Bis(5'-adenosyl)-triphosphatase,SINGLE PROTEIN,Homo sapiens,9606,FHIT,P49789,1,single_protein,true,prediction_only,Pa_minus_Pi_not_probability,not_available,mapped_human_target,https://way2drug.com/passtargets/
Bilobalide,73581,PASS Targets,PASS Targets web; ChEMBL v36; February 2026 update,2026-07-14,38,Nuclear receptor subfamily 4 group A member 2,CHEMBL5002,CHEMBL5002,,0.0841,-1,,No_positive_propensity_returned,D,simple_assay_model_prediction,Nuclear receptor subfamily 4 group A member 2,SINGLE PROTEIN,Homo sapiens,9606,NR4A2,P43354,1,single_protein,true,prediction_only,Pa_minus_Pi_not_probability,not_available,mapped_human_target,https://way2drug.com/passtargets/
Bilobalide,73581,PASS Targets,PASS Targets web; ChEMBL v36; February 2026 update,2026-07-14,39,Sphingomyelin phosphodiesterase,CHEMBL2760,CHEMBL2760,,0.0808,-1,,No_positive_propensity_returned,I,complex_assay_model_prediction,Sphingomyelin phosphodiesterase,SINGLE PROTEIN,Homo sapiens,9606,SMPD1,P17405,1,single_protein,true,prediction_only,Pa_minus_Pi_not_probability,not_available,mapped_human_target,https://way2drug.com/passtargets/
Bilobalide,73581,PASS Targets,PASS Targets web; ChEMBL v36; February 2026 update,2026-07-14,40,Cyclin-dependent kinase 19,CHEMBL6002,CHEMBL6002,,0.0807,-1,,No_positive_propensity_returned,D,simple_assay_model_prediction,Cyclin-dependent kinase 19,SINGLE PROTEIN,Homo sapiens,9606,CDK19,Q9BWU1,1,single_protein,true,prediction_only,Pa_minus_Pi_not_probability,not_available,mapped_human_target,https://way2drug.com/passtargets/
Bilobalide,73581,PASS Targets,PASS Targets web; ChEMBL v36; February 2026 update,2026-07-14,41,Protein kinase C alpha type,CHEMBL299,CHEMBL299,,0.0798,-1,,No_positive_propensity_returned,D,simple_assay_model_prediction,Protein kinase C alpha type,SINGLE PROTEIN,Homo sapiens,9606,PRKCA,P17252,1,single_protein,true,prediction_only,Pa_minus_Pi_not_probability,not_available,mapped_human_target,https://way2drug.com/passtargets/
Bilobalide,73581,PASS Targets,PASS Targets web; ChEMBL v36; February 2026 update,2026-07-14,42,Pyruvate kinase PKM,CHEMBL1075189,CHEMBL1075189,,0.0789,-1,,No_positive_propensity_returned,D,simple_assay_model_prediction,Pyruvate kinase PKM,SINGLE PROTEIN,Homo sapiens,9606,PKM,P14618,1,single_protein,true,prediction_only,Pa_minus_Pi_not_probability,not_available,mapped_human_target,https://way2drug.com/passtargets/
Bilobalide,73581,PASS Targets,PASS Targets web; ChEMBL v36; February 2026 update,2026-07-14,43,Interleukin-2,CHEMBL5880,CHEMBL5880,,0.0778,-1,,No_positive_propensity_returned,D,simple_assay_model_prediction,Interleukin-2,SINGLE PROTEIN,Homo sapiens,9606,IL2,P60568,1,single_protein,true,prediction_only,Pa_minus_Pi_not_probability,not_available,mapped_human_target,https://way2drug.com/passtargets/
Bilobalide,73581,PASS Targets,PASS Targets web; ChEMBL v36; February 2026 update,2026-07-14,44,Pancreatic triacylglycerol lipase,CHEMBL1812,CHEMBL1812,,0.076,-1,,No_positive_propensity_returned,D,simple_assay_model_prediction,Pancreatic triacylglycerol lipase,SINGLE PROTEIN,Homo sapiens,9606,PNLIP,P16233,1,single_protein,true,prediction_only,Pa_minus_Pi_not_probability,not_available,mapped_human_target,https://way2drug.com/passtargets/
Bilobalide,73581,PASS Targets,PASS Targets web; ChEMBL v36; February 2026 update,2026-07-14,45,"Myosin light chain kinase, smooth muscle",CHEMBL2428,CHEMBL2428,,0.0759,-1,,No_positive_propensity_returned,D,simple_assay_model_prediction,"Myosin light chain kinase, smooth muscle",SINGLE PROTEIN,Homo sapiens,9606,MYLK,Q15746,1,single_protein,true,prediction_only,Pa_minus_Pi_not_probability,not_available,mapped_human_target,https://way2drug.com/passtargets/
Bilobalide,73581,PASS Targets,PASS Targets web; ChEMBL v36; February 2026 update,2026-07-14,46,Peptidyl-prolyl cis-trans isomerase A,CHEMBL1949,CHEMBL1949,,0.0709,0.0173,0.0173,Positive_propensity_returned,I,complex_assay_model_prediction,Peptidyl-prolyl cis-trans isomerase A,SINGLE PROTEIN,Homo sapiens,9606,PPIA,P62937,1,single_protein,true,prediction_only,Pa_minus_Pi_not_probability,not_available,mapped_human_target,https://way2drug.com/passtargets/
Bilobalide,73581,PASS Targets,PASS Targets web; ChEMBL v36; February 2026 update,2026-07-14,47,AMPK alpha2/beta1/gamma1,CHEMBL3038455,CHEMBL3038455,,0.0687,-1,,No_positive_propensity_returned,I,complex_assay_model_prediction,AMPK alpha2/beta1/gamma1,PROTEIN COMPLEX,Homo sapiens,9606,PRKAA2;PRKAG1;PRKAB1,P54646;P54619;Q9Y478,3,protein_complex_component,true,prediction_only,Pa_minus_Pi_not_probability,not_available,mapped_human_target,https://way2drug.com/passtargets/
Bilobalide,73581,PASS Targets,PASS Targets web; ChEMBL v36; February 2026 update,2026-07-14,48,Bcl-2-related protein A1,CHEMBL6044,CHEMBL6044,,0.0682,-1,,No_positive_propensity_returned,D,simple_assay_model_prediction,Bcl-2-related protein A1,SINGLE PROTEIN,Homo sapiens,9606,BCL2A1,Q16548,1,single_protein,true,prediction_only,Pa_minus_Pi_not_probability,not_available,mapped_human_target,https://way2drug.com/passtargets/
Bilobalide,73581,PASS Targets,PASS Targets web; ChEMBL v36; February 2026 update,2026-07-14,49,Splicing factor 3B subunit 3,CHEMBL1250378,CHEMBL1250378,,0.0661,0.2573,0.2573,Positive_propensity_returned,I,complex_assay_model_prediction,Splicing factor 3B subunit 3,SINGLE PROTEIN,Homo sapiens,9606,SF3B3,Q15393,1,single_protein,true,prediction_only,Pa_minus_Pi_not_probability,not_available,mapped_human_target,https://way2drug.com/passtargets/
Bilobalide,73581,PASS Targets,PASS Targets web; ChEMBL v36; February 2026 update,2026-07-14,50,Protein kinase C epsilon type,CHEMBL3582,CHEMBL3582,,0.0631,-1,,No_positive_propensity_returned,D,simple_assay_model_prediction,Protein kinase C epsilon type,SINGLE PROTEIN,Homo sapiens,9606,PRKCE,Q02156,1,single_protein,true,prediction_only,Pa_minus_Pi_not_probability,not_available,mapped_human_target,https://way2drug.com/passtargets/
Bilobalide,73581,PASS Targets,PASS Targets web; ChEMBL v36; February 2026 update,2026-07-14,51,NAD-dependent protein deacylase sirtuin-6,CHEMBL2163182,CHEMBL2163182,,0.063,-1,,No_positive_propensity_returned,D,simple_assay_model_prediction,NAD-dependent protein deacylase sirtuin-6,SINGLE PROTEIN,Homo sapiens,9606,SIRT6,Q8N6T7,1,single_protein,true,prediction_only,Pa_minus_Pi_not_probability,not_available,mapped_human_target,https://way2drug.com/passtargets/
Bilobalide,73581,PASS Targets,PASS Targets web; ChEMBL v36; February 2026 update,2026-07-14,52,Beta-secretase 1,CHEMBL4822,CHEMBL4822,,0.0612,-1,,No_positive_propensity_returned,D,simple_assay_model_prediction,Beta-secretase 1,SINGLE PROTEIN,Homo sapiens,9606,BACE1,P56817,1,single_protein,true,prediction_only,Pa_minus_Pi_not_probability,not_available,mapped_human_target,https://way2drug.com/passtargets/
Bilobalide,73581,PASS Targets,PASS Targets web; ChEMBL v36; February 2026 update,2026-07-14,53,Protein kinase C delta type,CHEMBL2996,CHEMBL2996,,0.0611,0.0685,0.0685,Positive_propensity_returned,I,complex_assay_model_prediction,Protein kinase C delta type,SINGLE PROTEIN,Homo sapiens,9606,PRKCD,Q05655,1,single_protein,true,prediction_only,Pa_minus_Pi_not_probability,not_available,mapped_human_target,https://way2drug.com/passtargets/
Bilobalide,73581,PASS Targets,PASS Targets web; ChEMBL v36; February 2026 update,2026-07-14,54,C-X-C chemokine receptor type 1,CHEMBL4029,CHEMBL4029,,0.0573,-1,,No_positive_propensity_returned,D,simple_assay_model_prediction,C-X-C chemokine receptor type 1,SINGLE PROTEIN,Homo sapiens,9606,CXCR1,P25024,1,single_protein,true,prediction_only,Pa_minus_Pi_not_probability,not_available,mapped_human_target,https://way2drug.com/passtargets/
Bilobalide,73581,PASS Targets,PASS Targets web; ChEMBL v36; February 2026 update,2026-07-14,55,Androgen receptor,CHEMBL1871,CHEMBL1871,,0.0571,-1,,No_positive_propensity_returned,D,simple_assay_model_prediction,Androgen receptor,SINGLE PROTEIN,Homo sapiens,9606,AR,P10275,1,single_protein,true,prediction_only,Pa_minus_Pi_not_probability,not_available,mapped_human_target,https://way2drug.com/passtargets/
Bilobalide,73581,PASS Targets,PASS Targets web; ChEMBL v36; February 2026 update,2026-07-14,56,Acetylcholinesterase,CHEMBL220,CHEMBL220,,0.0566,-1,,No_positive_propensity_returned,D,simple_assay_model_prediction,Acetylcholinesterase,SINGLE PROTEIN,Homo sapiens,9606,ACHE,P22303,1,single_protein,true,prediction_only,Pa_minus_Pi_not_probability,not_available,mapped_human_target,https://way2drug.com/passtargets/
Bilobalide,73581,PASS Targets,PASS Targets web; ChEMBL v36; February 2026 update,2026-07-14,57,CDGSH iron-sulfur domain-containing protein 1,CHEMBL1795168,CHEMBL1795168,,0.0533,-1,,No_positive_propensity_returned,D,simple_assay_model_prediction,CDGSH iron-sulfur domain-containing protein 1,SINGLE PROTEIN,Homo sapiens,9606,CISD1,Q9NZ45,1,single_protein,true,prediction_only,Pa_minus_Pi_not_probability,not_available,mapped_human_target,https://way2drug.com/passtargets/
Bilobalide,73581,PASS Targets,PASS Targets web; ChEMBL v36; February 2026 update,2026-07-14,58,Solute carrier family 22 member 12,CHEMBL6120,CHEMBL6120,,0.0516,-1,,No_positive_propensity_returned,D,simple_assay_model_prediction,Solute carrier family 22 member 12,SINGLE PROTEIN,Homo sapiens,9606,SLC22A12,Q96S37,1,single_protein,true,prediction_only,Pa_minus_Pi_not_probability,not_available,mapped_human_target,https://way2drug.com/passtargets/
Bilobalide,73581,PASS Targets,PASS Targets web; ChEMBL v36; February 2026 update,2026-07-14,59,Nuclear receptor ROR-gamma,CHEMBL1741186,CHEMBL1741186,,0.0511,-1,,No_positive_propensity_returned,I,complex_assay_model_prediction,Nuclear receptor ROR-gamma,SINGLE PROTEIN,Homo sapiens,9606,RORC,P51449,1,single_protein,true,prediction_only,Pa_minus_Pi_not_probability,not_available,mapped_human_target,https://way2drug.com/passtargets/
Bilobalide,73581,PASS Targets,PASS Targets web; ChEMBL v36; February 2026 update,2026-07-14,60,"Sulfonylurea receptor 2, Kir6.2",CHEMBL2095198,CHEMBL2095198,,0.0488,-1,,No_positive_propensity_returned,I,complex_assay_model_prediction,"Sulfonylurea receptor 2, Kir6.2",PROTEIN COMPLEX,Homo sapiens,9606,KCNJ11;ABCC9,Q14654;O60706,2,protein_complex_component,true,prediction_only,Pa_minus_Pi_not_probability,not_available,mapped_human_target,https://way2drug.com/passtargets/
Bilobalide,73581,PASS Targets,PASS Targets web; ChEMBL v36; February 2026 update,2026-07-14,61,DNA polymerase beta,CHEMBL2392,CHEMBL2392,,0.0458,-1,,No_positive_propensity_returned,D,simple_assay_model_prediction,DNA polymerase beta,SINGLE PROTEIN,Homo sapiens,9606,POLB,P06746,1,single_protein,true,prediction_only,Pa_minus_Pi_not_probability,not_available,mapped_human_target,https://way2drug.com/passtargets/
Bilobalide,73581,PASS Targets,PASS Targets web; ChEMBL v36; February 2026 update,2026-07-14,62,Acetyl-CoA carboxylase 1,CHEMBL3351,CHEMBL3351,,0.045,0.0068,0.0068,Positive_propensity_returned,D,simple_assay_model_prediction,Acetyl-CoA carboxylase 1,SINGLE PROTEIN,Homo sapiens,9606,ACACA,Q13085,1,single_protein,true,prediction_only,Pa_minus_Pi_not_probability,not_available,mapped_human_target,https://way2drug.com/passtargets/
Bilobalide,73581,PASS Targets,PASS Targets web; ChEMBL v36; February 2026 update,2026-07-14,63,Acetyl-CoA carboxylase 2,CHEMBL4829,CHEMBL4829,,0.0433,-1,,No_positive_propensity_returned,D,simple_assay_model_prediction,Acetyl-CoA carboxylase 2,SINGLE PROTEIN,Homo sapiens,9606,ACACB,O00763,1,single_protein,true,prediction_only,Pa_minus_Pi_not_probability,not_available,mapped_human_target,https://way2drug.com/passtargets/
Bilobalide,73581,PASS Targets,PASS Targets web; ChEMBL v36; February 2026 update,2026-07-14,64,Prostacyclin receptor,CHEMBL1995,CHEMBL1995,,0.0377,-1,,No_positive_propensity_returned,D,simple_assay_model_prediction,Prostacyclin receptor,SINGLE PROTEIN,Homo sapiens,9606,PTGIR,P43119,1,single_protein,true,prediction_only,Pa_minus_Pi_not_probability,not_available,mapped_human_target,https://way2drug.com/passtargets/
Bilobalide,73581,PASS Targets,PASS Targets web; ChEMBL v36; February 2026 update,2026-07-14,65,Lysosomal alpha-glucosidase,CHEMBL2608,CHEMBL2608,,0.0376,-1,,No_positive_propensity_returned,D,simple_assay_model_prediction,Lysosomal alpha-glucosidase,SINGLE PROTEIN,Homo sapiens,9606,GAA,P10253,1,single_protein,true,prediction_only,Pa_minus_Pi_not_probability,not_available,mapped_human_target,https://way2drug.com/passtargets/
Bilobalide,73581,PASS Targets,PASS Targets web; ChEMBL v36; February 2026 update,2026-07-14,66,Protein kinase C epsilon type,CHEMBL3582,CHEMBL3582,,0.0372,-1,,No_positive_propensity_returned,I,complex_assay_model_prediction,Protein kinase C epsilon type,SINGLE PROTEIN,Homo sapiens,9606,PRKCE,Q02156,1,single_protein,true,prediction_only,Pa_minus_Pi_not_probability,not_available,mapped_human_target,https://way2drug.com/passtargets/
Bilobalide,73581,PASS Targets,PASS Targets web; ChEMBL v36; February 2026 update,2026-07-14,67,Stimulator of interferon genes protein,CHEMBL4523377,CHEMBL4523377,,0.0369,-1,,No_positive_propensity_returned,D,simple_assay_model_prediction,Stimulator of interferon genes protein,SINGLE PROTEIN,Homo sapiens,9606,STING1,Q86WV6,1,single_protein,true,prediction_only,Pa_minus_Pi_not_probability,not_available,mapped_human_target,https://way2drug.com/passtargets/
Bilobalide,73581,PASS Targets,PASS Targets web; ChEMBL v36; February 2026 update,2026-07-14,68,3-hydroxy-3-methylglutaryl-coenzyme A reductase,CHEMBL402,CHEMBL402,,0.0365,0.0359,0.0359,Positive_propensity_returned,D,simple_assay_model_prediction,3-hydroxy-3-methylglutaryl-coenzyme A reductase,SINGLE PROTEIN,Homo sapiens,9606,HMGCR,P04035,1,single_protein,true,prediction_only,Pa_minus_Pi_not_probability,not_available,mapped_human_target,https://way2drug.com/passtargets/
Bilobalide,73581,PASS Targets,PASS Targets web; ChEMBL v36; February 2026 update,2026-07-14,69,Eukaryotic initiation factor 4A-I,CHEMBL2052028,CHEMBL2052028,,0.0365,-1,,No_positive_propensity_returned,I,complex_assay_model_prediction,Eukaryotic initiation factor 4A-I,SINGLE PROTEIN,Homo sapiens,9606,EIF4A1,P60842,1,single_protein,true,prediction_only,Pa_minus_Pi_not_probability,not_available,mapped_human_target,https://way2drug.com/passtargets/
Bilobalide,73581,PASS Targets,PASS Targets web; ChEMBL v36; February 2026 update,2026-07-14,70,Heat shock protein HSP 90-alpha,CHEMBL3880,CHEMBL3880,,0.0359,-1,,No_positive_propensity_returned,D,simple_assay_model_prediction,Heat shock protein HSP 90-alpha,SINGLE PROTEIN,Homo sapiens,9606,HSP90AA1,P07900,1,single_protein,true,prediction_only,Pa_minus_Pi_not_probability,not_available,mapped_human_target,https://way2drug.com/passtargets/
Bilobalide,73581,PASS Targets,PASS Targets web; ChEMBL v36; February 2026 update,2026-07-14,71,Nuclear receptor subfamily 2 group C member 2/TGF-beta-activated kinase 1 and MAP3K7-binding protein 1,CHEMBL3885612,CHEMBL3885612,,0.0333,0.0336,0.0336,Positive_propensity_returned,I,complex_assay_model_prediction,Nuclear receptor subfamily 2 group C member 2/TGF-beta-activated kinase 1 and MAP3K7-binding protein 1,CHIMERIC PROTEIN,Homo sapiens,9606,TAB1;NR2C2,Q15750;P49116,2,chimeric_protein_component,true,prediction_only,Pa_minus_Pi_not_probability,not_available,mapped_human_target,https://way2drug.com/passtargets/
Bilobalide,73581,PASS Targets,PASS Targets web; ChEMBL v36; February 2026 update,2026-07-14,72,Caspase-1,CHEMBL4801,CHEMBL4801,,0.0329,0.0378,0.0378,Positive_propensity_returned,I,complex_assay_model_prediction,Caspase-1,SINGLE PROTEIN,Homo sapiens,9606,CASP1,P29466,1,single_protein,true,prediction_only,Pa_minus_Pi_not_probability,not_available,mapped_human_target,https://way2drug.com/passtargets/
Bilobalide,73581,PASS Targets,PASS Targets web; ChEMBL v36; February 2026 update,2026-07-14,73,Protein kinase C alpha type,CHEMBL299,CHEMBL299,,0.0328,-1,,No_positive_propensity_returned,I,complex_assay_model_prediction,Protein kinase C alpha type,SINGLE PROTEIN,Homo sapiens,9606,PRKCA,P17252,1,single_protein,true,prediction_only,Pa_minus_Pi_not_probability,not_available,mapped_human_target,https://way2drug.com/passtargets/
Bilobalide,73581,PASS Targets,PASS Targets web; ChEMBL v36; February 2026 update,2026-07-14,74,Sodium channel protein type 1 subunit alpha,CHEMBL1845,CHEMBL1845,,0.0318,-1,,No_positive_propensity_returned,I,complex_assay_model_prediction,Sodium channel protein type 1 subunit alpha,SINGLE PROTEIN,Homo sapiens,9606,SCN1A,P35498,1,single_protein,true,prediction_only,Pa_minus_Pi_not_probability,not_available,mapped_human_target,https://way2drug.com/passtargets/
Bilobalide,73581,PASS Targets,PASS Targets web; ChEMBL v36; February 2026 update,2026-07-14,75,Catechol O-methyltransferase,CHEMBL2023,CHEMBL2023,,0.0314,-1,,No_positive_propensity_returned,D,simple_assay_model_prediction,Catechol O-methyltransferase,SINGLE PROTEIN,Homo sapiens,9606,COMT,P21964,1,single_protein,true,prediction_only,Pa_minus_Pi_not_probability,not_available,mapped_human_target,https://way2drug.com/passtargets/
Bilobalide,73581,PASS Targets,PASS Targets web; ChEMBL v36; February 2026 update,2026-07-14,76,Endothelin receptor type B,CHEMBL1785,CHEMBL1785,,0.0277,-1,,No_positive_propensity_returned,D,simple_assay_model_prediction,Endothelin receptor type B,SINGLE PROTEIN,Homo sapiens,9606,EDNRB,P24530,1,single_protein,true,prediction_only,Pa_minus_Pi_not_probability,not_available,mapped_human_target,https://way2drug.com/passtargets/
Bilobalide,73581,PASS Targets,PASS Targets web; ChEMBL v36; February 2026 update,2026-07-14,77,DNA (cytosine-5)-methyltransferase 3B,CHEMBL6095,CHEMBL6095,,0.0277,-1,,No_positive_propensity_returned,I,complex_assay_model_prediction,DNA (cytosine-5)-methyltransferase 3B,SINGLE PROTEIN,Homo sapiens,9606,DNMT3B,Q9UBC3,1,single_protein,true,prediction_only,Pa_minus_Pi_not_probability,not_available,mapped_human_target,https://way2drug.com/passtargets/
Bilobalide,73581,PASS Targets,PASS Targets web; ChEMBL v36; February 2026 update,2026-07-14,78,Transcription factor p65,CHEMBL5533,CHEMBL5533,,0.026,-1,,No_positive_propensity_returned,D,simple_assay_model_prediction,Transcription factor p65,SINGLE PROTEIN,Homo sapiens,9606,RELA,Q04206,1,single_protein,true,prediction_only,Pa_minus_Pi_not_probability,not_available,mapped_human_target,https://way2drug.com/passtargets/
Bilobalide,73581,PASS Targets,PASS Targets web; ChEMBL v36; February 2026 update,2026-07-14,79,Monocarboxylate transporter 1,CHEMBL4360,CHEMBL4360,,0.0258,-1,,No_positive_propensity_returned,D,simple_assay_model_prediction,Monocarboxylate transporter 1,SINGLE PROTEIN,Homo sapiens,9606,SLC16A1,P53985,1,single_protein,true,prediction_only,Pa_minus_Pi_not_probability,not_available,mapped_human_target,https://way2drug.com/passtargets/
Bilobalide,73581,PASS Targets,PASS Targets web; ChEMBL v36; February 2026 update,2026-07-14,80,Tyrosinase,CHEMBL1973,CHEMBL1973,,0.0244,-1,,No_positive_propensity_returned,D,simple_assay_model_prediction,Tyrosinase,SINGLE PROTEIN,Homo sapiens,9606,TYR,P14679,1,single_protein,true,prediction_only,Pa_minus_Pi_not_probability,not_available,mapped_human_target,https://way2drug.com/passtargets/
Bilobalide,73581,PASS Targets,PASS Targets web; ChEMBL v36; February 2026 update,2026-07-14,81,Glucocorticoid receptor,CHEMBL2034,CHEMBL2034,,0.0244,0.0091,0.0091,Positive_propensity_returned,I,complex_assay_model_prediction,Glucocorticoid receptor,SINGLE PROTEIN,Homo sapiens,9606,NR3C1,P04150,1,single_protein,true,prediction_only,Pa_minus_Pi_not_probability,not_available,mapped_human_target,https://way2drug.com/passtargets/
Bilobalide,73581,PASS Targets,PASS Targets web; ChEMBL v36; February 2026 update,2026-07-14,82,Dual specificity mitogen-activated protein kinase kinase 4,CHEMBL2897,CHEMBL2897,,0.0226,-1,,No_positive_propensity_returned,D,simple_assay_model_prediction,Dual specificity mitogen-activated protein kinase kinase 4,SINGLE PROTEIN,Homo sapiens,9606,MAP2K4,P45985,1,single_protein,true,prediction_only,Pa_minus_Pi_not_probability,not_available,mapped_human_target,https://way2drug.com/passtargets/
Bilobalide,73581,PASS Targets,PASS Targets web; ChEMBL v36; February 2026 update,2026-07-14,83,Xaa-Pro dipeptidase,CHEMBL4185,CHEMBL4185,,0.0223,-1,,No_positive_propensity_returned,D,simple_assay_model_prediction,Xaa-Pro dipeptidase,SINGLE PROTEIN,Homo sapiens,9606,PEPD,P12955,1,single_protein,true,prediction_only,Pa_minus_Pi_not_probability,not_available,mapped_human_target,https://way2drug.com/passtargets/
Bilobalide,73581,PASS Targets,PASS Targets web; ChEMBL v36; February 2026 update,2026-07-14,84,Pyruvate kinase PKM,CHEMBL1075189,CHEMBL1075189,,0.0211,-1,,No_positive_propensity_returned,I,complex_assay_model_prediction,Pyruvate kinase PKM,SINGLE PROTEIN,Homo sapiens,9606,PKM,P14618,1,single_protein,true,prediction_only,Pa_minus_Pi_not_probability,not_available,mapped_human_target,https://way2drug.com/passtargets/
Bilobalide,73581,PASS Targets,PASS Targets web; ChEMBL v36; February 2026 update,2026-07-14,85,Sodium/glucose cotransporter 2,CHEMBL3884,CHEMBL3884,,0.021,-1,,No_positive_propensity_returned,D,simple_assay_model_prediction,Sodium/glucose cotransporter 2,SINGLE PROTEIN,Homo sapiens,9606,SLC5A2,P31639,1,single_protein,true,prediction_only,Pa_minus_Pi_not_probability,not_available,mapped_human_target,https://way2drug.com/passtargets/
Bilobalide,73581,PASS Targets,PASS Targets web; ChEMBL v36; February 2026 update,2026-07-14,86,Sex hormone-binding globulin,CHEMBL3305,CHEMBL3305,,0.0207,0.0013,0.0013,Positive_propensity_returned,D,simple_assay_model_prediction,Sex hormone-binding globulin,SINGLE PROTEIN,Homo sapiens,9606,SHBG,P04278,1,single_protein,true,prediction_only,Pa_minus_Pi_not_probability,not_available,mapped_human_target,https://way2drug.com/passtargets/
Bilobalide,73581,PASS Targets,PASS Targets web; ChEMBL v36; February 2026 update,2026-07-14,87,Adenosine kinase,CHEMBL3589,CHEMBL3589,,0.0193,-1,,No_positive_propensity_returned,I,complex_assay_model_prediction,Adenosine kinase,SINGLE PROTEIN,Homo sapiens,9606,ADK,P55263,1,single_protein,true,prediction_only,Pa_minus_Pi_not_probability,not_available,mapped_human_target,https://way2drug.com/passtargets/
Bilobalide,73581,PASS Targets,PASS Targets web; ChEMBL v36; February 2026 update,2026-07-14,88,Probable global transcription activator SNF2L2,CHEMBL2362979,CHEMBL2362979,,0.0192,-1,,No_positive_propensity_returned,D,simple_assay_model_prediction,SWI/SNF-related matrix-associated actin-dependent regulator of chromatin subfamily A member 2,SINGLE PROTEIN,Homo sapiens,9606,SMARCA2,P51531,1,single_protein,true,prediction_only,Pa_minus_Pi_not_probability,not_available,mapped_human_target,https://way2drug.com/passtargets/
Bilobalide,73581,PASS Targets,PASS Targets web; ChEMBL v36; February 2026 update,2026-07-14,89,Progesterone receptor,CHEMBL208,CHEMBL208,,0.0184,-1,,No_positive_propensity_returned,D,simple_assay_model_prediction,Progesterone receptor,SINGLE PROTEIN,Homo sapiens,9606,PGR,P06401,1,single_protein,true,prediction_only,Pa_minus_Pi_not_probability,not_available,mapped_human_target,https://way2drug.com/passtargets/
Bilobalide,73581,PASS Targets,PASS Targets web; ChEMBL v36; February 2026 update,2026-07-14,90,Sterol O-acyltransferase 2,CHEMBL4465,CHEMBL4465,,0.0184,0.1227,0.1227,Positive_propensity_returned,I,complex_assay_model_prediction,Sterol O-acyltransferase 2,SINGLE PROTEIN,Homo sapiens,9606,SOAT2,O75908,1,single_protein,true,prediction_only,Pa_minus_Pi_not_probability,not_available,mapped_human_target,https://way2drug.com/passtargets/
Bilobalide,73581,PASS Targets,PASS Targets web; ChEMBL v36; February 2026 update,2026-07-14,91,Alpha-amylase 1A,CHEMBL2478,CHEMBL2478,,0.0183,-1,,No_positive_propensity_returned,D,simple_assay_model_prediction,Alpha-amylase 1A,SINGLE PROTEIN,Homo sapiens,9606,AMY1A,P0DUB6,1,single_protein,true,prediction_only,Pa_minus_Pi_not_probability,not_available,mapped_human_target,https://way2drug.com/passtargets/
Bilobalide,73581,PASS Targets,PASS Targets web; ChEMBL v36; February 2026 update,2026-07-14,92,Potassium voltage-gated channel subfamily A member 3,CHEMBL4633,CHEMBL4633,,0.0169,-1,,No_positive_propensity_returned,I,complex_assay_model_prediction,Potassium voltage-gated channel subfamily A member 3,SINGLE PROTEIN,Homo sapiens,9606,KCNA3,P22001,1,single_protein,true,prediction_only,Pa_minus_Pi_not_probability,not_available,mapped_human_target,https://way2drug.com/passtargets/
Bilobalide,73581,PASS Targets,PASS Targets web; ChEMBL v36; February 2026 update,2026-07-14,93,"Phosphatidylinositol 3,4,5-trisphosphate 5-phosphatase 2",CHEMBL2331064,CHEMBL2331064,,0.0153,-1,,No_positive_propensity_returned,D,simple_assay_model_prediction,"Phosphatidylinositol 3,4,5-trisphosphate 5-phosphatase 2",SINGLE PROTEIN,Homo sapiens,9606,INPPL1,O15357,1,single_protein,true,prediction_only,Pa_minus_Pi_not_probability,not_available,mapped_human_target,https://way2drug.com/passtargets/
Bilobalide,73581,PASS Targets,PASS Targets web; ChEMBL v36; February 2026 update,2026-07-14,94,Nuclear factor erythroid 2-related factor 2,CHEMBL1075094,CHEMBL1075094,,0.0137,-1,,No_positive_propensity_returned,I,complex_assay_model_prediction,Nuclear factor erythroid 2-related factor 2,SINGLE PROTEIN,Homo sapiens,9606,NFE2L2,Q16236,1,single_protein,true,prediction_only,Pa_minus_Pi_not_probability,not_available,mapped_human_target,https://way2drug.com/passtargets/
Bilobalide,73581,PASS Targets,PASS Targets web; ChEMBL v36; February 2026 update,2026-07-14,95,Delta-type opioid receptor,CHEMBL236,CHEMBL236,,0.0135,0.09,0.09,Positive_propensity_returned,I,complex_assay_model_prediction,Delta-type opioid receptor,SINGLE PROTEIN,Homo sapiens,9606,OPRD1,P41143,1,single_protein,true,prediction_only,Pa_minus_Pi_not_probability,not_available,mapped_human_target,https://way2drug.com/passtargets/
Bilobalide,73581,PASS Targets,PASS Targets web; ChEMBL v36; February 2026 update,2026-07-14,96,Glucocorticoid receptor,CHEMBL2034,CHEMBL2034,,0.0123,0.0091,0.0091,Positive_propensity_returned,D,simple_assay_model_prediction,Glucocorticoid receptor,SINGLE PROTEIN,Homo sapiens,9606,NR3C1,P04150,1,single_protein,true,prediction_only,Pa_minus_Pi_not_probability,not_available,mapped_human_target,https://way2drug.com/passtargets/
Bilobalide,73581,PASS Targets,PASS Targets web; ChEMBL v36; February 2026 update,2026-07-14,97,Galectin-8,CHEMBL5475,CHEMBL5475,,0.0119,-1,,No_positive_propensity_returned,D,simple_assay_model_prediction,Galectin-8,SINGLE PROTEIN,Homo sapiens,9606,LGALS8,O00214,1,single_protein,true,prediction_only,Pa_minus_Pi_not_probability,not_available,mapped_human_target,https://way2drug.com/passtargets/
Bilobalide,73581,PASS Targets,PASS Targets web; ChEMBL v36; February 2026 update,2026-07-14,98,Sterol O-acyltransferase 1,CHEMBL2782,CHEMBL2782,,0.01,0.1197,0.1197,Positive_propensity_returned,I,complex_assay_model_prediction,Sterol O-acyltransferase 1,SINGLE PROTEIN,Homo sapiens,9606,SOAT1,P35610,1,single_protein,true,prediction_only,Pa_minus_Pi_not_probability,not_available,mapped_human_target,https://way2drug.com/passtargets/
Bilobalide,73581,PASS Targets,PASS Targets web; ChEMBL v36; February 2026 update,2026-07-14,99,Vitamin D3 receptor,CHEMBL1977,CHEMBL1977,,0.0061,-1,,No_positive_propensity_returned,D,simple_assay_model_prediction,Vitamin D3 receptor,SINGLE PROTEIN,Homo sapiens,9606,VDR,P11473,1,single_protein,true,prediction_only,Pa_minus_Pi_not_probability,not_available,mapped_human_target,https://way2drug.com/passtargets/
Bilobalide,73581,PASS Targets,PASS Targets web; ChEMBL v36; February 2026 update,2026-07-14,100,Proteasome component C5,CHEMBL4208,CHEMBL4208,,0.0045,-1,,No_positive_propensity_returned,D,simple_assay_model_prediction,Proteasome component C5,SINGLE PROTEIN,Homo sapiens,9606,PSMB1,P20618,1,single_protein,true,prediction_only,Pa_minus_Pi_not_probability,not_available,mapped_human_target,https://way2drug.com/passtargets/
Bilobalide,73581,PASS Targets,PASS Targets web; ChEMBL v36; February 2026 update,2026-07-14,101,Vitamin D3 receptor,CHEMBL1977,CHEMBL1977,,0.004,-1,,No_positive_propensity_returned,I,complex_assay_model_prediction,Vitamin D3 receptor,SINGLE PROTEIN,Homo sapiens,9606,VDR,P11473,1,single_protein,true,prediction_only,Pa_minus_Pi_not_probability,not_available,mapped_human_target,https://way2drug.com/passtargets/
Bilobalide,73581,PASS Targets,PASS Targets web; ChEMBL v36; February 2026 update,2026-07-14,102,"NAD-dependent malic enzyme, mitochondrial",CHEMBL5291602,CHEMBL5291602,,0.0031,-1,,No_positive_propensity_returned,D,simple_assay_model_prediction,"NAD-dependent malic enzyme, mitochondrial",SINGLE PROTEIN,Homo sapiens,9606,ME2,P23368,1,single_protein,true,prediction_only,Pa_minus_Pi_not_probability,not_available,mapped_human_target,https://way2drug.com/passtargets/
Bilobalide,73581,PASS Targets,PASS Targets web; ChEMBL v36; February 2026 update,2026-07-14,103,Stimulator of interferon genes protein,CHEMBL4523377_UNDEFINED MUTATION,CHEMBL4523377,UNDEFINED MUTATION,0.0031,-1,,No_positive_propensity_returned,I,complex_assay_model_prediction,Stimulator of interferon genes protein,SINGLE PROTEIN,Homo sapiens,9606,STING1,Q86WV6,1,single_protein,true,prediction_only,Pa_minus_Pi_not_probability,not_available,mapped_human_target,https://way2drug.com/passtargets/
Bilobalide,73581,PASS Targets,PASS Targets web; ChEMBL v36; February 2026 update,2026-07-14,104,Farnesyl pyrophosphate synthase,CHEMBL1782,CHEMBL1782,,0.0023,-1,,No_positive_propensity_returned,I,complex_assay_model_prediction,Farnesyl pyrophosphate synthase,SINGLE PROTEIN,Homo sapiens,9606,FDPS,P14324,1,single_protein,true,prediction_only,Pa_minus_Pi_not_probability,not_available,mapped_human_target,https://way2drug.com/passtargets/
Bilobalide,73581,PASS Targets,PASS Targets web; ChEMBL v36; February 2026 update,2026-07-14,105,Sterol O-acyltransferase 2,CHEMBL4465,CHEMBL4465,,0.0009,0.1227,0.1227,Positive_propensity_returned,D,simple_assay_model_prediction,Sterol O-acyltransferase 2,SINGLE PROTEIN,Homo sapiens,9606,SOAT2,O75908,1,single_protein,true,prediction_only,Pa_minus_Pi_not_probability,not_available,mapped_human_target,https://way2drug.com/passtargets/
